data_source,site_name,predator_min_length,predator_max_length,length_units,length_measure,predator_stage,type_of_fish,sample_size,start_date,end_date,habitat,microhabitat,measurement_type,measurement_units,author,year,journal,citation,table_figure,notes,prey_taxon,measurement,prey_stage,sampling_interval,predator_average_length,frequency,fish_genus_species,length_type,start_year,start_month,start_day,end_year,end_month,end_day,figure,fish_id,data_sorted_by,lon,lat,prey_kingdom,prey_class,prey_order,prey_family,prey_species,fish_order,fish_family,fish_species,dateadded,column,unique_character,fish_genus,correction_mult,new_min,new_max,new_average,measurement_type_number_weight_other,measurement_units_total_percent_other,sample_id,citation_to_remove,new_lat,new_lon,site_name_new,delete_row,prey_taxon_cleaned,search_term,prey_phylum,prey_genus,prey_type,measure_numeric,start_date_add,end_date_add,start_date_new,end_date_new
jan_2020_method,"White River, Petersburg, Indiana",,,,,,Pimephales vigilax,201,6/1/1971,10/1/1972,river,lotic,percVolume,percent,Whitaker,1997,TheAmericanMidlandNaturalist,"Whitaker Jr, J. O. (1977). Seasonal changes in food habits of some cyprinid fishes from the White River at Petersburg, Indiana. American Midland Naturalist, 411-418.",tbl2,autumn samples only ,Trichoptera,NA,pupae,NA,NA,NA,NA,NA,NA,NA,NA,NA,NA,NA,NA,NA,averaged over size for Autumn samples,-87.2786244,38.4919935,Animalia,Insecta,Trichoptera,NA,NA,Cypriniformes,Cyprinidae,Pimephales vigilax,8/1/2019,NA,NA,NA,TRUE,NA,NA,NA,NA,NA,NA,NA,NA,NA,NA,NA,Trichoptera,NA,NA,NA,Animalia,0,NA,NA,NA,NA
jan_2020_method,"White River, Petersburg, Indiana",,,,,,Pimephales vigilax,201,6/1/1971,10/1/1972,river,lotic,percVolume,percent,Whitaker,1997,TheAmericanMidlandNaturalist,"Whitaker Jr, J. O. (1977). Seasonal changes in food habits of some cyprinid fishes from the White River at Petersburg, Indiana. American Midland Naturalist, 411-418.",tbl2,autumn samples only ,Trichoptera,NA,adults,NA,NA,NA,NA,NA,NA,NA,NA,NA,NA,NA,NA,NA,averaged over size for Autumn samples,-87.2786244,38.4919935,Animalia,Insecta,Trichoptera,NA,NA,Cypriniformes,Cyprinidae,Pimephales vigilax,8/1/2019,NA,NA,NA,TRUE,NA,NA,NA,NA,NA,NA,NA,NA,NA,NA,NA,Trichoptera,NA,NA,NA,Animalia,0,NA,NA,NA,NA
jan_2020_method,"White River, Petersburg, Indiana",,,,,,Pimephales vigilax,201,6/1/1971,10/1/1972,river,lotic,percVolume,percent,Whitaker,1997,TheAmericanMidlandNaturalist,"Whitaker Jr, J. O. (1977). Seasonal changes in food habits of some cyprinid fishes from the White River at Petersburg, Indiana. American Midland Naturalist, 411-418.",tbl2,autumn samples only ,Pectinatella,NA,na,NA,NA,NA,NA,NA,NA,NA,NA,NA,NA,NA,NA,NA,averaged over size for Autumn samples,-87.2786244,38.4919935,Animalia,Phylactolaemata,NA,Pectinatellidae,NA,Cypriniformes,Cyprinidae,Pimephales vigilax,8/1/2019,NA,NA,NA,TRUE,NA,NA,NA,NA,NA,NA,NA,NA,NA,NA,NA,NA,NA,NA,NA,Animalia,0,NA,NA,NA,NA
jan_2020_method,"White River, Petersburg, Indiana",,,,,,Pimephales vigilax,201,6/1/1971,10/1/1972,river,lotic,percVolume,percent,Whitaker,1997,TheAmericanMidlandNaturalist,"Whitaker Jr, J. O. (1977). Seasonal changes in food habits of some cyprinid fishes from the White River at Petersburg, Indiana. American Midland Naturalist, 411-418.",tbl2,autumn samples only ,Corixidae,NA,na,NA,NA,NA,NA,NA,NA,NA,NA,NA,NA,NA,NA,NA,averaged over size for Autumn samples,-87.2786244,38.4919935,Animalia,Insecta,NA,Corixidae,NA,Cypriniformes,Cyprinidae,Pimephales vigilax,8/1/2019,NA,NA,NA,TRUE,NA,NA,NA,NA,NA,NA,NA,NA,NA,NA,NA,NA,NA,NA,NA,Animalia,0,NA,NA,NA,NA
jan_2020_method,"White River, Petersburg, Indiana",,,,,,Pimephales vigilax,201,6/1/1971,10/1/1972,river,lotic,percVolume,percent,Whitaker,1997,TheAmericanMidlandNaturalist,"Whitaker Jr, J. O. (1977). Seasonal changes in food habits of some cyprinid fishes from the White River at Petersburg, Indiana. American Midland Naturalist, 411-418.",tbl2,autumn samples only ,Gerridae,NA,na,NA,NA,NA,NA,NA,NA,NA,NA,NA,NA,NA,NA,NA,averaged over size for Autumn samples,-87.2786244,38.4919935,Animalia,Insecta,NA,Gerridae,NA,Cypriniformes,Cyprinidae,Pimephales vigilax,8/1/2019,NA,NA,NA,TRUE,NA,NA,NA,NA,NA,NA,NA,NA,NA,NA,NA,NA,NA,NA,NA,Animalia,0,NA,NA,NA,NA
jan_2020_method,"White River, Petersburg, Indiana",,,,,,Pimephales vigilax,201,6/1/1971,10/1/1972,river,lotic,percVolume,percent,Whitaker,1997,TheAmericanMidlandNaturalist,"Whitaker Jr, J. O. (1977). Seasonal changes in food habits of some cyprinid fishes from the White River at Petersburg, Indiana. American Midland Naturalist, 411-418.",tbl2,autumn samples only ,Rheumatobates  rileyi,NA,na,NA,NA,NA,NA,NA,NA,NA,NA,NA,NA,NA,NA,NA,averaged over size for Autumn samples,-87.2786244,38.4919935,Animalia,Insecta,NA,Gerridae,Rheumatobates rileyi,Cypriniformes,Cyprinidae,Pimephales vigilax,8/1/2019,NA,NA,NA,TRUE,NA,NA,NA,NA,NA,NA,NA,NA,NA,NA,NA,NA,NA,NA,NA,Animalia,0,NA,NA,NA,NA
jan_2020_method,"White River, Petersburg, Indiana",,,,,,Pimephales vigilax,201,6/1/1971,10/1/1972,river,lotic,percVolume,percent,Whitaker,1997,TheAmericanMidlandNaturalist,"Whitaker Jr, J. O. (1977). Seasonal changes in food habits of some cyprinid fishes from the White River at Petersburg, Indiana. American Midland Naturalist, 411-418.",tbl2,autumn samples only ,Chrysomelidae,NA,na,NA,NA,NA,NA,NA,NA,NA,NA,NA,NA,NA,NA,NA,averaged over size for Autumn samples,-87.2786244,38.4919935,Animalia,Insecta,NA,Chrysomelidae,NA,Cypriniformes,Cyprinidae,Pimephales vigilax,8/1/2019,NA,NA,NA,TRUE,NA,NA,NA,NA,NA,NA,NA,NA,NA,NA,NA,NA,NA,NA,NA,Animalia,0,NA,NA,NA,NA
jan_2020_method,"White River, Petersburg, Indiana",,,,,,Pimephales vigilax,201,6/1/1971,10/1/1972,river,lotic,percVolume,percent,Whitaker,1997,TheAmericanMidlandNaturalist,"Whitaker Jr, J. O. (1977). Seasonal changes in food habits of some cyprinid fishes from the White River at Petersburg, Indiana. American Midland Naturalist, 411-418.",tbl2,autumn samples only ,Cicadellidae,NA,na,NA,NA,NA,NA,NA,NA,NA,NA,NA,NA,NA,NA,NA,averaged over size for Autumn samples,-87.2786244,38.4919935,Animalia,Insecta,NA,Cicadellidae,NA,Cypriniformes,Cyprinidae,Pimephales vigilax,8/1/2019,NA,NA,NA,TRUE,NA,NA,NA,NA,NA,NA,NA,NA,NA,NA,NA,NA,NA,NA,NA,Animalia,0,NA,NA,NA,NA
jan_2020_method,"White River, Petersburg, Indiana",,,,,,Pimephales vigilax,201,6/1/1971,10/1/1972,river,lotic,percVolume,percent,Whitaker,1997,TheAmericanMidlandNaturalist,"Whitaker Jr, J. O. (1977). Seasonal changes in food habits of some cyprinid fishes from the White River at Petersburg, Indiana. American Midland Naturalist, 411-418.",tbl2,autumn samples only ,Delphacidae,NA,na,NA,NA,NA,NA,NA,NA,NA,NA,NA,NA,NA,NA,NA,averaged over size for Autumn samples,-87.2786244,38.4919935,Animalia,Insecta,NA,Delphacidae,NA,Cypriniformes,Cyprinidae,Pimephales vigilax,8/1/2019,NA,NA,NA,TRUE,NA,NA,NA,NA,NA,NA,NA,NA,NA,NA,NA,NA,NA,NA,NA,Animalia,0,NA,NA,NA,NA
jan_2020_method,"White River, Petersburg, Indiana",,,,,,Pimephales vigilax,201,6/1/1971,10/1/1972,river,lotic,percVolume,percent,Whitaker,1997,TheAmericanMidlandNaturalist,"Whitaker Jr, J. O. (1977). Seasonal changes in food habits of some cyprinid fishes from the White River at Petersburg, Indiana. American Midland Naturalist, 411-418.",tbl2,autumn samples only ,Coleoptera,NA,na,NA,NA,NA,NA,NA,NA,NA,NA,NA,NA,NA,NA,NA,averaged over size for Autumn samples,-87.2786244,38.4919935,Animalia,Insecta,NA,NA,NA,Cypriniformes,Cyprinidae,Pimephales vigilax,8/1/2019,NA,NA,NA,TRUE,NA,NA,NA,NA,NA,NA,NA,NA,NA,NA,NA,NA,NA,NA,NA,Animalia,0,NA,NA,NA,NA
jan_2020_method,"White River, Petersburg, Indiana",,,,,,Pimephales vigilax,201,6/1/1971,10/1/1972,river,lotic,percVolume,percent,Whitaker,1997,TheAmericanMidlandNaturalist,"Whitaker Jr, J. O. (1977). Seasonal changes in food habits of some cyprinid fishes from the White River at Petersburg, Indiana. American Midland Naturalist, 411-418.",tbl2,autumn samples only ,Chironomidae,11,pupae,NA,NA,NA,NA,NA,NA,NA,NA,NA,NA,NA,NA,NA,averaged over size for Autumn samples,-87.2786244,38.4919935,Animalia,Insecta,Diptera,Chironomidae,NA,Cypriniformes,Cyprinidae,Pimephales vigilax,8/1/2019,NA,NA,NA,TRUE,NA,NA,NA,NA,NA,NA,NA,NA,NA,NA,NA,Chironomidae,NA,NA,NA,Animalia,11,NA,NA,NA,NA
jan_2020_method,"White River, Petersburg, Indiana",,,,,,Pimephales vigilax,201,6/1/1971,10/1/1972,river,lotic,percVolume,percent,Whitaker,1997,TheAmericanMidlandNaturalist,"Whitaker Jr, J. O. (1977). Seasonal changes in food habits of some cyprinid fishes from the White River at Petersburg, Indiana. American Midland Naturalist, 411-418.",tbl2,autumn samples only ,Chironomidae,0.2,adults,NA,NA,NA,NA,NA,NA,NA,NA,NA,NA,NA,NA,NA,averaged over size for Autumn samples,-87.2786244,38.4919935,Animalia,Insecta,Diptera,Chironomidae,NA,Cypriniformes,Cyprinidae,Pimephales vigilax,8/1/2019,NA,NA,NA,TRUE,NA,NA,NA,NA,NA,NA,NA,NA,NA,NA,NA,Chironomidae,NA,NA,NA,Animalia,0.2,NA,NA,NA,NA
jan_2020_method,"White River, Petersburg, Indiana",,,,,,Pimephales vigilax,201,6/1/1971,10/1/1972,river,lotic,percVolume,percent,Whitaker,1997,TheAmericanMidlandNaturalist,"Whitaker Jr, J. O. (1977). Seasonal changes in food habits of some cyprinid fishes from the White River at Petersburg, Indiana. American Midland Naturalist, 411-418.",tbl2,autumn samples only ,Chironomidae,26,larvae,NA,NA,NA,NA,NA,NA,NA,NA,NA,NA,NA,NA,NA,averaged over size for Autumn samples,-87.2786244,38.4919935,Animalia,Insecta,Diptera,Chironomidae,NA,Cypriniformes,Cyprinidae,Pimephales vigilax,8/1/2019,NA,NA,NA,TRUE,NA,NA,NA,NA,NA,NA,NA,NA,NA,NA,NA,Chironomidae,NA,NA,NA,Animalia,26,NA,NA,NA,NA
jan_2020_method,"White River, Petersburg, Indiana",,,,,,Pimephales vigilax,201,6/1/1971,10/1/1972,river,lotic,percVolume,percent,Whitaker,1997,TheAmericanMidlandNaturalist,"Whitaker Jr, J. O. (1977). Seasonal changes in food habits of some cyprinid fishes from the White River at Petersburg, Indiana. American Midland Naturalist, 411-418.",tbl2,autumn samples only ,Trichoptera,8.5,larvae,NA,NA,NA,NA,NA,NA,NA,NA,NA,NA,NA,NA,NA,averaged over size for Autumn samples,-87.2786244,38.4919935,Animalia,Insecta,Trichoptera,NA,NA,Cypriniformes,Cyprinidae,Pimephales vigilax,8/1/2019,NA,NA,NA,TRUE,NA,NA,NA,NA,NA,NA,NA,NA,NA,NA,NA,Trichoptera,NA,NA,NA,Animalia,8.5,NA,NA,NA,NA
jan_2020_method,"White River, Petersburg, Indiana",,,,,,Pimephales vigilax,201,6/1/1971,10/1/1972,river,lotic,percVolume,percent,Whitaker,1997,TheAmericanMidlandNaturalist,"Whitaker Jr, J. O. (1977). Seasonal changes in food habits of some cyprinid fishes from the White River at Petersburg, Indiana. American Midland Naturalist, 411-418.",tbl2,autumn samples only ,PlumateIla,1.5,na,NA,NA,NA,NA,NA,NA,NA,NA,NA,NA,NA,NA,NA,averaged over size for Autumn samples,-87.2786244,38.4919935,Animalia,Phylactolaemata,NA,Plumatellidae,NA,Cypriniformes,Cyprinidae,Pimephales vigilax,8/1/2019,NA,NA,NA,TRUE,NA,NA,NA,NA,NA,NA,NA,NA,NA,NA,NA,NA,Plumatella,NA,NA,Animalia,1.5,NA,NA,NA,NA
jan_2020_method,"White River, Petersburg, Indiana",,,,,,Pimephales vigilax,201,6/1/1971,10/1/1972,river,lotic,percVolume,percent,Whitaker,1997,TheAmericanMidlandNaturalist,"Whitaker Jr, J. O. (1977). Seasonal changes in food habits of some cyprinid fishes from the White River at Petersburg, Indiana. American Midland Naturalist, 411-418.",tbl2,autumn samples only ,Ooze,45.5,na,NA,NA,NA,NA,NA,NA,NA,NA,NA,NA,NA,NA,NA,averaged over size for Autumn samples,-87.2786244,38.4919935,NA,NA,NA,NA,NA,Cypriniformes,Cyprinidae,Pimephales vigilax,8/1/2019,NA,NA,NA,TRUE,NA,NA,NA,NA,NA,NA,NA,NA,NA,NA,NA,NA,NA,NA,NA,miscellaneous,45.5,NA,NA,NA,NA
jan_2020_method,"White River, Petersburg, Indiana",,,,,,Pimephales vigilax,201,6/1/1971,10/1/1972,river,lotic,percVolume,percent,Whitaker,1997,TheAmericanMidlandNaturalist,"Whitaker Jr, J. O. (1977). Seasonal changes in food habits of some cyprinid fishes from the White River at Petersburg, Indiana. American Midland Naturalist, 411-418.",tbl2,autumn samples only ,Seeds,0.1,na,NA,NA,NA,NA,NA,NA,NA,NA,NA,NA,NA,NA,NA,averaged over size for Autumn samples,-87.2786244,38.4919935,Plantae,NA,NA,NA,NA,Cypriniformes,Cyprinidae,Pimephales vigilax,8/1/2019,NA,NA,NA,TRUE,NA,NA,NA,NA,NA,NA,NA,NA,NA,NA,NA,Plantae,NA,NA,NA,Plantae,0.1,NA,NA,NA,NA
jan_2020_method,"White River, Petersburg, Indiana",,,,,,Pimephales vigilax,201,6/1/1971,10/1/1972,river,lotic,percVolume,percent,Whitaker,1997,TheAmericanMidlandNaturalist,"Whitaker Jr, J. O. (1977). Seasonal changes in food habits of some cyprinid fishes from the White River at Petersburg, Indiana. American Midland Naturalist, 411-418.",tbl2,autumn samples only ,Algae,0.2,na,NA,NA,NA,NA,NA,NA,NA,NA,NA,NA,NA,NA,NA,averaged over size for Autumn samples,-87.2786244,38.4919935,Plantae,NA,NA,NA,NA,Cypriniformes,Cyprinidae,Pimephales vigilax,8/1/2019,NA,NA,NA,TRUE,NA,NA,NA,NA,NA,NA,NA,NA,NA,NA,NA,Plantae,NA,NA,NA,Plantae,0.2,NA,NA,NA,NA
jan_2020_method,"White River, Petersburg, Indiana",,,,,,Pimephales vigilax,201,6/1/1971,10/1/1972,river,lotic,percVolume,percent,Whitaker,1997,TheAmericanMidlandNaturalist,"Whitaker Jr, J. O. (1977). Seasonal changes in food habits of some cyprinid fishes from the White River at Petersburg, Indiana. American Midland Naturalist, 411-418.",tbl2,autumn samples only ,Spiders,0.5,na,NA,NA,NA,NA,NA,NA,NA,NA,NA,NA,NA,NA,NA,averaged over size for Autumn samples,-87.2786244,38.4919935,Animalia,Arachnida,NA,NA,NA,Cypriniformes,Cyprinidae,Pimephales vigilax,8/1/2019,NA,NA,NA,TRUE,NA,NA,NA,NA,NA,NA,NA,NA,NA,NA,NA,NA,NA,NA,NA,Animalia,0.5,NA,NA,NA,NA
jan_2020_method,"White River, Petersburg, Indiana",,,,,,Pimephales vigilax,201,6/1/1971,10/1/1972,river,lotic,percVolume,percent,Whitaker,1997,TheAmericanMidlandNaturalist,"Whitaker Jr, J. O. (1977). Seasonal changes in food habits of some cyprinid fishes from the White River at Petersburg, Indiana. American Midland Naturalist, 411-418.",tbl2,autumn samples only ,Ephemeroptera,0.7,na,NA,NA,NA,NA,NA,NA,NA,NA,NA,NA,NA,NA,NA,averaged over size for Autumn samples,-87.2786244,38.4919935,Animalia,Insecta,NA,NA,NA,Cypriniformes,Cyprinidae,Pimephales vigilax,8/1/2019,NA,NA,NA,TRUE,NA,NA,NA,NA,NA,NA,NA,NA,NA,NA,NA,NA,NA,NA,NA,Animalia,0.7,NA,NA,NA,NA
jan_2020_method,"White River, Petersburg, Indiana",,,,,,Pimephales vigilax,201,6/1/1971,10/1/1972,river,lotic,percVolume,percent,Whitaker,1997,TheAmericanMidlandNaturalist,"Whitaker Jr, J. O. (1977). Seasonal changes in food habits of some cyprinid fishes from the White River at Petersburg, Indiana. American Midland Naturalist, 411-418.",tbl2,autumn samples only ,Aphididae,0.3,na,NA,NA,NA,NA,NA,NA,NA,NA,NA,NA,NA,NA,NA,averaged over size for Autumn samples,-87.2786244,38.4919935,Animalia,Insecta,NA,Aphididae,NA,Cypriniformes,Cyprinidae,Pimephales vigilax,8/1/2019,NA,NA,NA,TRUE,NA,NA,NA,NA,NA,NA,NA,NA,NA,NA,NA,NA,NA,NA,NA,Animalia,0.3,NA,NA,NA,NA
jan_2020_method,"White River, Petersburg, Indiana",,,,,,Pimephales vigilax,201,6/1/1971,10/1/1972,river,lotic,percVolume,percent,Whitaker,1997,TheAmericanMidlandNaturalist,"Whitaker Jr, J. O. (1977). Seasonal changes in food habits of some cyprinid fishes from the White River at Petersburg, Indiana. American Midland Naturalist, 411-418.",tbl2,autumn samples only ,Formicidae,0.5,na,NA,NA,NA,NA,NA,NA,NA,NA,NA,NA,NA,NA,NA,averaged over size for Autumn samples,-87.2786244,38.4919935,Animalia,Insecta,NA,Formicidae,NA,Cypriniformes,Cyprinidae,Pimephales vigilax,8/1/2019,NA,NA,NA,TRUE,NA,NA,NA,NA,NA,NA,NA,NA,NA,NA,NA,NA,NA,NA,NA,Animalia,0.5,NA,NA,NA,NA
jan_2020_method,"White River, Petersburg, Indiana",,,,,,Pimephales vigilax,201,6/1/1971,10/1/1972,river,lotic,percVolume,percent,Whitaker,1997,TheAmericanMidlandNaturalist,"Whitaker Jr, J. O. (1977). Seasonal changes in food habits of some cyprinid fishes from the White River at Petersburg, Indiana. American Midland Naturalist, 411-418.",tbl2,autumn samples only ,Immature  insects,1.4,larvae,NA,NA,NA,NA,NA,NA,NA,NA,NA,NA,NA,NA,NA,averaged over size for Autumn samples,-87.2786244,38.4919935,Animalia,Insecta,NA,NA,NA,Cypriniformes,Cyprinidae,Pimephales vigilax,8/1/2019,NA,NA,NA,TRUE,NA,NA,NA,NA,NA,NA,NA,NA,NA,NA,NA,Insecta,NA,NA,NA,Animalia,1.4,NA,NA,NA,NA
jan_2020_method,"White River, Petersburg, Indiana",,,,,,Pimephales vigilax,201,6/1/1971,10/1/1972,river,lotic,percVolume,percent,Whitaker,1997,TheAmericanMidlandNaturalist,"Whitaker Jr, J. O. (1977). Seasonal changes in food habits of some cyprinid fishes from the White River at Petersburg, Indiana. American Midland Naturalist, 411-418.",tbl2,autumn samples only ,Invertebrates,2.1,na,NA,NA,NA,NA,NA,NA,NA,NA,NA,NA,NA,NA,NA,averaged over size for Autumn samples,-87.2786244,38.4919935,Animalia,NA,NA,NA,NA,Cypriniformes,Cyprinidae,Pimephales vigilax,8/1/2019,NA,NA,NA,TRUE,NA,NA,NA,NA,NA,NA,NA,NA,NA,NA,NA,Arthropods,NA,NA,NA,Animalia,2.1,NA,NA,NA,NA
jan_2020_method,"White River, Petersburg, Indiana",,,,,,Pimephales vigilax,201,6/1/1971,10/1/1972,river,lotic,percVolume,percent,Whitaker,1997,TheAmericanMidlandNaturalist,"Whitaker Jr, J. O. (1977). Seasonal changes in food habits of some cyprinid fishes from the White River at Petersburg, Indiana. American Midland Naturalist, 411-418.",tbl2,autumn samples only ,Unidentifed  material,0.1,na,NA,NA,NA,NA,NA,NA,NA,NA,NA,NA,NA,NA,NA,averaged over size for Autumn samples,-87.2786244,38.4919935,Metazoa,Clitellata,NA,NA,NA,Cypriniformes,Cyprinidae,Pimephales vigilax,8/1/2019,NA,NA,NA,TRUE,NA,NA,NA,NA,NA,NA,NA,NA,NA,NA,NA,NA,Other,NA,NA,Metazoa,0.1,NA,NA,NA,NA
jan_2020_method,"White River, Petersburg, Indiana",,,,,,Pimephales vigilax,201,6/1/1971,10/1/1972,river,lotic,percVolume,percent,Whitaker,1997,TheAmericanMidlandNaturalist,"Whitaker Jr, J. O. (1977). Seasonal changes in food habits of some cyprinid fishes from the White River at Petersburg, Indiana. American Midland Naturalist, 411-418.",tbl2,autumn samples only ,Vegetation,1.1,na,NA,NA,NA,NA,NA,NA,NA,NA,NA,NA,NA,NA,NA,averaged over size for Autumn samples,-87.2786244,38.4919935,Plantae,NA,NA,NA,NA,Cypriniformes,Cyprinidae,Pimephales vigilax,8/1/2019,NA,NA,NA,TRUE,NA,NA,NA,NA,NA,NA,NA,NA,NA,NA,NA,NA,NA,NA,NA,Plantae,1.1,NA,NA,NA,NA
jan_2020_method,"White River, Petersburg, Indiana",,,,,,Pimephales vigilax,201,6/1/1971,10/1/1972,river,lotic,percVolume,percent,Whitaker,1997,TheAmericanMidlandNaturalist,"Whitaker Jr, J. O. (1977). Seasonal changes in food habits of some cyprinid fishes from the White River at Petersburg, Indiana. American Midland Naturalist, 411-418.",tbl2,autumn samples only ,Diptera,NA,na,NA,NA,NA,NA,NA,NA,NA,NA,NA,NA,NA,NA,NA,averaged over size for Autumn samples,-87.2786244,38.4919935,Animalia,Insecta,Diptera,NA,NA,Cypriniformes,Cyprinidae,Pimephales vigilax,8/1/2019,NA,NA,NA,TRUE,NA,NA,NA,NA,NA,NA,NA,NA,NA,NA,NA,Diptera,NA,NA,NA,Animalia,0,NA,NA,NA,NA
jan_2020_method,"White River, Petersburg, Indiana",,,,,,Pimephales vigilax,201,6/1/1971,10/1/1972,river,lotic,percVolume,percent,Whitaker,1997,TheAmericanMidlandNaturalist,"Whitaker Jr, J. O. (1977). Seasonal changes in food habits of some cyprinid fishes from the White River at Petersburg, Indiana. American Midland Naturalist, 411-418.",tbl2,autumn samples only ,Hymenoptera,NA,na,NA,NA,NA,NA,NA,NA,NA,NA,NA,NA,NA,NA,NA,averaged over size for Autumn samples,-87.2786244,38.4919935,Animalia,Insecta,NA,NA,NA,Cypriniformes,Cyprinidae,Pimephales vigilax,8/1/2019,NA,NA,NA,TRUE,NA,NA,NA,NA,NA,NA,NA,NA,NA,NA,NA,NA,NA,NA,NA,Animalia,0,NA,NA,NA,NA
jan_2020_method,"White River, Petersburg, Indiana",,,,,,Pimephales vigilax,201,6/1/1971,10/1/1972,river,lotic,percVolume,percent,Whitaker,1997,TheAmericanMidlandNaturalist,"Whitaker Jr, J. O. (1977). Seasonal changes in food habits of some cyprinid fishes from the White River at Petersburg, Indiana. American Midland Naturalist, 411-418.",tbl2,autumn samples only ,Hemiptera,NA,na,NA,NA,NA,NA,NA,NA,NA,NA,NA,NA,NA,NA,NA,averaged over size for Autumn samples,-87.2786244,38.4919935,Animalia,Insecta,NA,NA,NA,Cypriniformes,Cyprinidae,Pimephales vigilax,8/1/2019,NA,NA,NA,TRUE,NA,NA,NA,NA,NA,NA,NA,NA,NA,NA,NA,NA,NA,NA,NA,Animalia,0,NA,NA,NA,NA
summer_data_analyze.csv,"Lake Opinicon, Ontario",35,53,mm,total,NA,Lepomis_gibbosus,61,1971-Sep-1,1973-Sep-1,lake,NA,number,na,Keast,1978,JournalOfTheFisheriersResearchBoardOfCanada,"Keast, A. (1978). Feeding interrelations between age-groups of pumpkinseed (Lepomis gibbosus) and comparisons with bluegill (L. macrochirus). Journal of the Fisheries Board of Canada, 35(1), 12-27.",tbl2,NA,Cladocera,check,na,montly,na,NA,NA,NA,1971,Seps,1,1973,Seps,1,NA,215,NA,-76.328,44.559,Animalia,Branchiopoda,NA,NA,NA,Centrarchiformes,Centrarchidae,Lepomis gibbosus,NA,NA,"Lepomis_gibbosus_35_53_mm_61_1971_Seps_na_1973_Seps_na_lake_Keast_1978_JournalOfTheFisheriersResearchBoardOfCanada_Lake Opinicon, Ontario_na_total_montly_Keast, A. (1978). Feeding interrelations between age-groups of pumpkinseed (Lepomis gibbosus) and comparisons with bluegill (L. macrochirus). Journal of the Fisheries Board of Canada, 35(1), 12-27._NA_NA_NA",NA,1,35,53,NA,NA,NA,NA,NA,44.559,-76.328,"Lake Opinicon, Ontario",NA,NA,NA,NA,NA,Animalia,11,NA,NA,9/1/1971,NA
summer_data_analyze.csv,"Lake Opinicon, Ontario",35,53,mm,total,NA,Lepomis_gibbosus,61,1971-Sep-1,1973-Sep-1,lake,NA,number,na,Keast,1978,JournalOfTheFisheriersResearchBoardOfCanada,"Keast, A. (1978). Feeding interrelations between age-groups of pumpkinseed (Lepomis gibbosus) and comparisons with bluegill (L. macrochirus). Journal of the Fisheries Board of Canada, 35(1), 12-27.",tbl2,NA,Hydracarina,NA,na,montly,na,NA,NA,NA,1971,Seps,1,1973,Seps,1,NA,215,NA,-76.328,44.559,Animalia,Arachnida,NA,NA,NA,Centrarchiformes,Centrarchidae,Lepomis gibbosus,NA,NA,"Lepomis_gibbosus_35_53_mm_61_1971_Seps_na_1973_Seps_na_lake_Keast_1978_JournalOfTheFisheriersResearchBoardOfCanada_Lake Opinicon, Ontario_na_total_montly_Keast, A. (1978). Feeding interrelations between age-groups of pumpkinseed (Lepomis gibbosus) and comparisons with bluegill (L. macrochirus). Journal of the Fisheries Board of Canada, 35(1), 12-27._NA_NA_NA",NA,1,35,53,NA,NA,NA,NA,NA,44.559,-76.328,"Lake Opinicon, Ontario",NA,NA,NA,NA,NA,Animalia,0,NA,NA,9/1/1971,NA
summer_data_analyze.csv,"Lake Opinicon, Ontario",35,53,mm,total,NA,Lepomis_gibbosus,61,1971-Sep-1,1973-Sep-1,lake,NA,percVolume,percent,Keast,1978,JournalOfTheFisheriersResearchBoardOfCanada,"Keast, A. (1978). Feeding interrelations between age-groups of pumpkinseed (Lepomis gibbosus) and comparisons with bluegill (L. macrochirus). Journal of the Fisheries Board of Canada, 35(1), 12-27.",tbl2,NA,Hydracarina,NA,na,montly,na,NA,NA,NA,1971,Seps,1,1973,Seps,1,NA,215,NA,-76.328,44.559,Animalia,Arachnida,NA,NA,NA,Centrarchiformes,Centrarchidae,Lepomis gibbosus,NA,NA,"Lepomis_gibbosus_35_53_mm_61_1971_Seps_na_1973_Seps_na_lake_Keast_1978_JournalOfTheFisheriersResearchBoardOfCanada_Lake Opinicon, Ontario_na_total_montly_Keast, A. (1978). Feeding interrelations between age-groups of pumpkinseed (Lepomis gibbosus) and comparisons with bluegill (L. macrochirus). Journal of the Fisheries Board of Canada, 35(1), 12-27._NA_NA_NA",NA,1,35,53,NA,NA,NA,NA,NA,44.559,-76.328,"Lake Opinicon, Ontario",NA,NA,NA,NA,NA,Animalia,0,NA,NA,9/1/1971,NA
summer_data_analyze.csv,"Lake Opinicon, Ontario",35,53,mm,total,NA,Lepomis_gibbosus,64,1971-Oct-1,1973-Oct-1,lake,NA,number,na,Keast,1978,JournalOfTheFisheriersResearchBoardOfCanada,"Keast, A. (1978). Feeding interrelations between age-groups of pumpkinseed (Lepomis gibbosus) and comparisons with bluegill (L. macrochirus). Journal of the Fisheries Board of Canada, 35(1), 12-27.",tbl2,NA,Isopoda,NA,na,montly,na,NA,NA,NA,1971,Octs,1,1973,Octs,1,NA,216,NA,-76.328,44.559,Animalia,Malacostraca,NA,NA,NA,Centrarchiformes,Centrarchidae,Lepomis gibbosus,NA,NA,"Lepomis_gibbosus_35_53_mm_64_1971_Octs_na_1973_Octs_na_lake_Keast_1978_JournalOfTheFisheriersResearchBoardOfCanada_Lake Opinicon, Ontario_na_total_montly_Keast, A. (1978). Feeding interrelations between age-groups of pumpkinseed (Lepomis gibbosus) and comparisons with bluegill (L. macrochirus). Journal of the Fisheries Board of Canada, 35(1), 12-27._NA_NA_NA",NA,1,35,53,NA,NA,NA,NA,NA,44.559,-76.328,"Lake Opinicon, Ontario",NA,NA,NA,NA,NA,Animalia,0,NA,NA,10/1/1971,NA
summer_data_analyze.csv,"Lake Opinicon, Ontario",35,53,mm,total,NA,Lepomis_gibbosus,64,1971-Oct-1,1973-Oct-1,lake,NA,number,na,Keast,1978,JournalOfTheFisheriersResearchBoardOfCanada,"Keast, A. (1978). Feeding interrelations between age-groups of pumpkinseed (Lepomis gibbosus) and comparisons with bluegill (L. macrochirus). Journal of the Fisheries Board of Canada, 35(1), 12-27.",tbl2,NA,Anisoptera,NA,nymph,montly,na,NA,NA,NA,1971,Octs,1,1973,Octs,1,NA,216,NA,-76.328,44.559,Animalia,Insecta,NA,NA,NA,Centrarchiformes,Centrarchidae,Lepomis gibbosus,NA,NA,"Lepomis_gibbosus_35_53_mm_64_1971_Octs_na_1973_Octs_na_lake_Keast_1978_JournalOfTheFisheriersResearchBoardOfCanada_Lake Opinicon, Ontario_na_total_montly_Keast, A. (1978). Feeding interrelations between age-groups of pumpkinseed (Lepomis gibbosus) and comparisons with bluegill (L. macrochirus). Journal of the Fisheries Board of Canada, 35(1), 12-27._NA_NA_NA",NA,1,35,53,NA,NA,NA,NA,NA,44.559,-76.328,"Lake Opinicon, Ontario",NA,NA,NA,NA,NA,Animalia,0,NA,NA,10/1/1971,NA
summer_data_analyze.csv,"Lake Opinicon, Ontario",35,53,mm,total,NA,Lepomis_gibbosus,64,1971-Oct-1,1973-Oct-1,lake,NA,number,na,Keast,1978,JournalOfTheFisheriersResearchBoardOfCanada,"Keast, A. (1978). Feeding interrelations between age-groups of pumpkinseed (Lepomis gibbosus) and comparisons with bluegill (L. macrochirus). Journal of the Fisheries Board of Canada, 35(1), 12-27.",tbl2,NA,Chironomid,NA,pupae,montly,na,NA,NA,NA,1971,Octs,1,1973,Octs,1,NA,216,NA,-76.328,44.559,Animalia,Insecta,Diptera,Chironomidae,NA,Centrarchiformes,Centrarchidae,Lepomis gibbosus,NA,NA,"Lepomis_gibbosus_35_53_mm_64_1971_Octs_na_1973_Octs_na_lake_Keast_1978_JournalOfTheFisheriersResearchBoardOfCanada_Lake Opinicon, Ontario_na_total_montly_Keast, A. (1978). Feeding interrelations between age-groups of pumpkinseed (Lepomis gibbosus) and comparisons with bluegill (L. macrochirus). Journal of the Fisheries Board of Canada, 35(1), 12-27._NA_NA_NA",NA,1,35,53,NA,NA,NA,NA,NA,44.559,-76.328,"Lake Opinicon, Ontario",NA,Chironomidae,NA,NA,NA,Animalia,0,NA,NA,10/1/1971,NA
summer_data_analyze.csv,"Lake Opinicon, Ontario",35,53,mm,total,NA,Lepomis_gibbosus,64,1971-Oct-1,1973-Oct-1,lake,NA,percVolume,percent,Keast,1978,JournalOfTheFisheriersResearchBoardOfCanada,"Keast, A. (1978). Feeding interrelations between age-groups of pumpkinseed (Lepomis gibbosus) and comparisons with bluegill (L. macrochirus). Journal of the Fisheries Board of Canada, 35(1), 12-27.",tbl2,NA,Isopoda,NA,na,montly,na,NA,NA,NA,1971,Octs,1,1973,Octs,1,NA,216,NA,-76.328,44.559,Animalia,Malacostraca,NA,NA,NA,Centrarchiformes,Centrarchidae,Lepomis gibbosus,NA,NA,"Lepomis_gibbosus_35_53_mm_64_1971_Octs_na_1973_Octs_na_lake_Keast_1978_JournalOfTheFisheriersResearchBoardOfCanada_Lake Opinicon, Ontario_na_total_montly_Keast, A. (1978). Feeding interrelations between age-groups of pumpkinseed (Lepomis gibbosus) and comparisons with bluegill (L. macrochirus). Journal of the Fisheries Board of Canada, 35(1), 12-27._NA_NA_NA",NA,1,35,53,NA,NA,NA,NA,NA,44.559,-76.328,"Lake Opinicon, Ontario",NA,NA,NA,NA,NA,Animalia,0,NA,NA,10/1/1971,NA
summer_data_analyze.csv,"Lake Opinicon, Ontario",35,53,mm,total,NA,Lepomis_gibbosus,64,1971-Oct-1,1973-Oct-1,lake,NA,percVolume,percent,Keast,1978,JournalOfTheFisheriersResearchBoardOfCanada,"Keast, A. (1978). Feeding interrelations between age-groups of pumpkinseed (Lepomis gibbosus) and comparisons with bluegill (L. macrochirus). Journal of the Fisheries Board of Canada, 35(1), 12-27.",tbl2,NA,Anisoptera,NA,nymph,montly,na,NA,NA,NA,1971,Octs,1,1973,Octs,1,NA,216,NA,-76.328,44.559,Animalia,Insecta,NA,NA,NA,Centrarchiformes,Centrarchidae,Lepomis gibbosus,NA,NA,"Lepomis_gibbosus_35_53_mm_64_1971_Octs_na_1973_Octs_na_lake_Keast_1978_JournalOfTheFisheriersResearchBoardOfCanada_Lake Opinicon, Ontario_na_total_montly_Keast, A. (1978). Feeding interrelations between age-groups of pumpkinseed (Lepomis gibbosus) and comparisons with bluegill (L. macrochirus). Journal of the Fisheries Board of Canada, 35(1), 12-27._NA_NA_NA",NA,1,35,53,NA,NA,NA,NA,NA,44.559,-76.328,"Lake Opinicon, Ontario",NA,NA,NA,NA,NA,Animalia,0,NA,NA,10/1/1971,NA
summer_data_analyze.csv,"Lake Opinicon, Ontario",35,53,mm,total,NA,Lepomis_gibbosus,64,1971-Oct-1,1973-Oct-1,lake,NA,percVolume,percent,Keast,1978,JournalOfTheFisheriersResearchBoardOfCanada,"Keast, A. (1978). Feeding interrelations between age-groups of pumpkinseed (Lepomis gibbosus) and comparisons with bluegill (L. macrochirus). Journal of the Fisheries Board of Canada, 35(1), 12-27.",tbl2,NA,Chironomid,NA,pupae,montly,na,NA,NA,NA,1971,Octs,1,1973,Octs,1,NA,216,NA,-76.328,44.559,Animalia,Insecta,Diptera,Chironomidae,NA,Centrarchiformes,Centrarchidae,Lepomis gibbosus,NA,NA,"Lepomis_gibbosus_35_53_mm_64_1971_Octs_na_1973_Octs_na_lake_Keast_1978_JournalOfTheFisheriersResearchBoardOfCanada_Lake Opinicon, Ontario_na_total_montly_Keast, A. (1978). Feeding interrelations between age-groups of pumpkinseed (Lepomis gibbosus) and comparisons with bluegill (L. macrochirus). Journal of the Fisheries Board of Canada, 35(1), 12-27._NA_NA_NA",NA,1,35,53,NA,NA,NA,NA,NA,44.559,-76.328,"Lake Opinicon, Ontario",NA,Chironomidae,NA,NA,NA,Animalia,0,NA,NA,10/1/1971,NA
summer_data_analyze.csv,"Lake Opinicon, Ontario",35,53,mm,total,NA,Lepomis_gibbosus,61,1971-Sep-1,1973-Sep-1,lake,NA,number,na,Keast,1978,JournalOfTheFisheriersResearchBoardOfCanada,"Keast, A. (1978). Feeding interrelations between age-groups of pumpkinseed (Lepomis gibbosus) and comparisons with bluegill (L. macrochirus). Journal of the Fisheries Board of Canada, 35(1), 12-27.",tbl2,NA,Copepoda,12,na,montly,na,NA,NA,NA,1971,Seps,1,1973,Seps,1,NA,215,NA,-76.328,44.559,Animalia,Maxillopoda,NA,NA,NA,Centrarchiformes,Centrarchidae,Lepomis gibbosus,NA,NA,"Lepomis_gibbosus_35_53_mm_61_1971_Seps_na_1973_Seps_na_lake_Keast_1978_JournalOfTheFisheriersResearchBoardOfCanada_Lake Opinicon, Ontario_na_total_montly_Keast, A. (1978). Feeding interrelations between age-groups of pumpkinseed (Lepomis gibbosus) and comparisons with bluegill (L. macrochirus). Journal of the Fisheries Board of Canada, 35(1), 12-27._NA_NA_NA",NA,1,35,53,NA,NA,NA,NA,NA,44.559,-76.328,"Lake Opinicon, Ontario",NA,NA,NA,NA,NA,Animalia,12,NA,NA,9/1/1971,NA
summer_data_analyze.csv,"Lake Opinicon, Ontario",35,53,mm,total,NA,Lepomis_gibbosus,61,1971-Sep-1,1973-Sep-1,lake,NA,number,na,Keast,1978,JournalOfTheFisheriersResearchBoardOfCanada,"Keast, A. (1978). Feeding interrelations between age-groups of pumpkinseed (Lepomis gibbosus) and comparisons with bluegill (L. macrochirus). Journal of the Fisheries Board of Canada, 35(1), 12-27.",tbl2,NA,Ostracoda,13,na,montly,na,NA,NA,NA,1971,Seps,1,1973,Seps,1,NA,215,NA,-76.328,44.559,Animalia,Ostracoda,NA,NA,NA,Centrarchiformes,Centrarchidae,Lepomis gibbosus,NA,NA,"Lepomis_gibbosus_35_53_mm_61_1971_Seps_na_1973_Seps_na_lake_Keast_1978_JournalOfTheFisheriersResearchBoardOfCanada_Lake Opinicon, Ontario_na_total_montly_Keast, A. (1978). Feeding interrelations between age-groups of pumpkinseed (Lepomis gibbosus) and comparisons with bluegill (L. macrochirus). Journal of the Fisheries Board of Canada, 35(1), 12-27._NA_NA_NA",NA,1,35,53,NA,NA,NA,NA,NA,44.559,-76.328,"Lake Opinicon, Ontario",NA,NA,NA,NA,NA,Animalia,13,NA,NA,9/1/1971,NA
summer_data_analyze.csv,"Lake Opinicon, Ontario",35,53,mm,total,NA,Lepomis_gibbosus,61,1971-Sep-1,1973-Sep-1,lake,NA,number,na,Keast,1978,JournalOfTheFisheriersResearchBoardOfCanada,"Keast, A. (1978). Feeding interrelations between age-groups of pumpkinseed (Lepomis gibbosus) and comparisons with bluegill (L. macrochirus). Journal of the Fisheries Board of Canada, 35(1), 12-27.",tbl2,NA,Amphipoda,5,na,montly,na,NA,NA,NA,1971,Seps,1,1973,Seps,1,NA,215,NA,-76.328,44.559,Animalia,Malacostraca,NA,NA,NA,Centrarchiformes,Centrarchidae,Lepomis gibbosus,NA,NA,"Lepomis_gibbosus_35_53_mm_61_1971_Seps_na_1973_Seps_na_lake_Keast_1978_JournalOfTheFisheriersResearchBoardOfCanada_Lake Opinicon, Ontario_na_total_montly_Keast, A. (1978). Feeding interrelations between age-groups of pumpkinseed (Lepomis gibbosus) and comparisons with bluegill (L. macrochirus). Journal of the Fisheries Board of Canada, 35(1), 12-27._NA_NA_NA",NA,1,35,53,NA,NA,NA,NA,NA,44.559,-76.328,"Lake Opinicon, Ontario",NA,NA,NA,NA,NA,Animalia,5,NA,NA,9/1/1971,NA
summer_data_analyze.csv,"Lake Opinicon, Ontario",35,53,mm,total,NA,Lepomis_gibbosus,61,1971-Sep-1,1973-Sep-1,lake,NA,number,na,Keast,1978,JournalOfTheFisheriersResearchBoardOfCanada,"Keast, A. (1978). Feeding interrelations between age-groups of pumpkinseed (Lepomis gibbosus) and comparisons with bluegill (L. macrochirus). Journal of the Fisheries Board of Canada, 35(1), 12-27.",tbl2,NA,Isopoda,24,na,montly,na,NA,NA,NA,1971,Seps,1,1973,Seps,1,NA,215,NA,-76.328,44.559,Animalia,Malacostraca,NA,NA,NA,Centrarchiformes,Centrarchidae,Lepomis gibbosus,NA,NA,"Lepomis_gibbosus_35_53_mm_61_1971_Seps_na_1973_Seps_na_lake_Keast_1978_JournalOfTheFisheriersResearchBoardOfCanada_Lake Opinicon, Ontario_na_total_montly_Keast, A. (1978). Feeding interrelations between age-groups of pumpkinseed (Lepomis gibbosus) and comparisons with bluegill (L. macrochirus). Journal of the Fisheries Board of Canada, 35(1), 12-27._NA_NA_NA",NA,1,35,53,NA,NA,NA,NA,NA,44.559,-76.328,"Lake Opinicon, Ontario",NA,NA,NA,NA,NA,Animalia,24,NA,NA,9/1/1971,NA
summer_data_analyze.csv,"Lake Opinicon, Ontario",35,53,mm,total,NA,Lepomis_gibbosus,61,1971-Sep-1,1973-Sep-1,lake,NA,number,na,Keast,1978,JournalOfTheFisheriersResearchBoardOfCanada,"Keast, A. (1978). Feeding interrelations between age-groups of pumpkinseed (Lepomis gibbosus) and comparisons with bluegill (L. macrochirus). Journal of the Fisheries Board of Canada, 35(1), 12-27.",tbl2,NA,Ephemeroptera,2,nymph,montly,na,NA,NA,NA,1971,Seps,1,1973,Seps,1,NA,215,NA,-76.328,44.559,Animalia,Insecta,NA,NA,NA,Centrarchiformes,Centrarchidae,Lepomis gibbosus,NA,NA,"Lepomis_gibbosus_35_53_mm_61_1971_Seps_na_1973_Seps_na_lake_Keast_1978_JournalOfTheFisheriersResearchBoardOfCanada_Lake Opinicon, Ontario_na_total_montly_Keast, A. (1978). Feeding interrelations between age-groups of pumpkinseed (Lepomis gibbosus) and comparisons with bluegill (L. macrochirus). Journal of the Fisheries Board of Canada, 35(1), 12-27._NA_NA_NA",NA,1,35,53,NA,NA,NA,NA,NA,44.559,-76.328,"Lake Opinicon, Ontario",NA,NA,NA,NA,NA,Animalia,2,NA,NA,9/1/1971,NA
summer_data_analyze.csv,"Lake Opinicon, Ontario",35,53,mm,total,NA,Lepomis_gibbosus,61,1971-Sep-1,1973-Sep-1,lake,NA,number,na,Keast,1978,JournalOfTheFisheriersResearchBoardOfCanada,"Keast, A. (1978). Feeding interrelations between age-groups of pumpkinseed (Lepomis gibbosus) and comparisons with bluegill (L. macrochirus). Journal of the Fisheries Board of Canada, 35(1), 12-27.",tbl2,NA,Anisoptera,2,nymph,montly,na,NA,NA,NA,1971,Seps,1,1973,Seps,1,NA,215,NA,-76.328,44.559,Animalia,Insecta,NA,NA,NA,Centrarchiformes,Centrarchidae,Lepomis gibbosus,NA,NA,"Lepomis_gibbosus_35_53_mm_61_1971_Seps_na_1973_Seps_na_lake_Keast_1978_JournalOfTheFisheriersResearchBoardOfCanada_Lake Opinicon, Ontario_na_total_montly_Keast, A. (1978). Feeding interrelations between age-groups of pumpkinseed (Lepomis gibbosus) and comparisons with bluegill (L. macrochirus). Journal of the Fisheries Board of Canada, 35(1), 12-27._NA_NA_NA",NA,1,35,53,NA,NA,NA,NA,NA,44.559,-76.328,"Lake Opinicon, Ontario",NA,NA,NA,NA,NA,Animalia,2,NA,NA,9/1/1971,NA
summer_data_analyze.csv,"Lake Opinicon, Ontario",35,53,mm,total,NA,Lepomis_gibbosus,61,1971-Sep-1,1973-Sep-1,lake,NA,number,na,Keast,1978,JournalOfTheFisheriersResearchBoardOfCanada,"Keast, A. (1978). Feeding interrelations between age-groups of pumpkinseed (Lepomis gibbosus) and comparisons with bluegill (L. macrochirus). Journal of the Fisheries Board of Canada, 35(1), 12-27.",tbl2,NA,Chironomid,42,larvae,montly,na,NA,NA,NA,1971,Seps,1,1973,Seps,1,NA,215,NA,-76.328,44.559,Animalia,Insecta,Diptera,Chironomidae,NA,Centrarchiformes,Centrarchidae,Lepomis gibbosus,NA,NA,"Lepomis_gibbosus_35_53_mm_61_1971_Seps_na_1973_Seps_na_lake_Keast_1978_JournalOfTheFisheriersResearchBoardOfCanada_Lake Opinicon, Ontario_na_total_montly_Keast, A. (1978). Feeding interrelations between age-groups of pumpkinseed (Lepomis gibbosus) and comparisons with bluegill (L. macrochirus). Journal of the Fisheries Board of Canada, 35(1), 12-27._NA_NA_NA",NA,1,35,53,NA,NA,NA,NA,NA,44.559,-76.328,"Lake Opinicon, Ontario",NA,Chironomidae,NA,NA,NA,Animalia,42,NA,NA,9/1/1971,NA
summer_data_analyze.csv,"Lake Opinicon, Ontario",35,53,mm,total,NA,Lepomis_gibbosus,61,1971-Sep-1,1973-Sep-1,lake,NA,number,na,Keast,1978,JournalOfTheFisheriersResearchBoardOfCanada,"Keast, A. (1978). Feeding interrelations between age-groups of pumpkinseed (Lepomis gibbosus) and comparisons with bluegill (L. macrochirus). Journal of the Fisheries Board of Canada, 35(1), 12-27.",tbl2,NA,Chironomid,7,pupae,montly,na,NA,NA,NA,1971,Seps,1,1973,Seps,1,NA,215,NA,-76.328,44.559,Animalia,Insecta,Diptera,Chironomidae,NA,Centrarchiformes,Centrarchidae,Lepomis gibbosus,NA,NA,"Lepomis_gibbosus_35_53_mm_61_1971_Seps_na_1973_Seps_na_lake_Keast_1978_JournalOfTheFisheriersResearchBoardOfCanada_Lake Opinicon, Ontario_na_total_montly_Keast, A. (1978). Feeding interrelations between age-groups of pumpkinseed (Lepomis gibbosus) and comparisons with bluegill (L. macrochirus). Journal of the Fisheries Board of Canada, 35(1), 12-27._NA_NA_NA",NA,1,35,53,NA,NA,NA,NA,NA,44.559,-76.328,"Lake Opinicon, Ontario",NA,Chironomidae,NA,NA,NA,Animalia,7,NA,NA,9/1/1971,NA
summer_data_analyze.csv,"Lake Opinicon, Ontario",35,53,mm,total,NA,Lepomis_gibbosus,61,1971-Sep-1,1973-Sep-1,lake,NA,number,na,Keast,1978,JournalOfTheFisheriersResearchBoardOfCanada,"Keast, A. (1978). Feeding interrelations between age-groups of pumpkinseed (Lepomis gibbosus) and comparisons with bluegill (L. macrochirus). Journal of the Fisheries Board of Canada, 35(1), 12-27.",tbl2,NA,Others,1,na,montly,na,NA,NA,NA,1971,Seps,1,1973,Seps,1,NA,215,NA,-76.328,44.559,Metazoa,Clitellata,NA,NA,NA,Centrarchiformes,Centrarchidae,Lepomis gibbosus,NA,NA,"Lepomis_gibbosus_35_53_mm_61_1971_Seps_na_1973_Seps_na_lake_Keast_1978_JournalOfTheFisheriersResearchBoardOfCanada_Lake Opinicon, Ontario_na_total_montly_Keast, A. (1978). Feeding interrelations between age-groups of pumpkinseed (Lepomis gibbosus) and comparisons with bluegill (L. macrochirus). Journal of the Fisheries Board of Canada, 35(1), 12-27._NA_NA_NA",NA,1,35,53,NA,NA,NA,NA,NA,44.559,-76.328,"Lake Opinicon, Ontario",NA,NA,Other,NA,NA,Metazoa,1,NA,NA,9/1/1971,NA
summer_data_analyze.csv,"Lake Opinicon, Ontario",35,53,mm,total,NA,Lepomis_gibbosus,61,1971-Sep-1,1973-Sep-1,lake,NA,percVolume,percent,Keast,1978,JournalOfTheFisheriersResearchBoardOfCanada,"Keast, A. (1978). Feeding interrelations between age-groups of pumpkinseed (Lepomis gibbosus) and comparisons with bluegill (L. macrochirus). Journal of the Fisheries Board of Canada, 35(1), 12-27.",tbl2,NA,Cladocera,8,na,montly,na,NA,NA,NA,1971,Seps,1,1973,Seps,1,NA,215,NA,-76.328,44.559,Animalia,Branchiopoda,NA,NA,NA,Centrarchiformes,Centrarchidae,Lepomis gibbosus,NA,NA,"Lepomis_gibbosus_35_53_mm_61_1971_Seps_na_1973_Seps_na_lake_Keast_1978_JournalOfTheFisheriersResearchBoardOfCanada_Lake Opinicon, Ontario_na_total_montly_Keast, A. (1978). Feeding interrelations between age-groups of pumpkinseed (Lepomis gibbosus) and comparisons with bluegill (L. macrochirus). Journal of the Fisheries Board of Canada, 35(1), 12-27._NA_NA_NA",NA,1,35,53,NA,NA,NA,NA,NA,44.559,-76.328,"Lake Opinicon, Ontario",NA,NA,NA,NA,NA,Animalia,8,NA,NA,9/1/1971,NA
summer_data_analyze.csv,"Lake Opinicon, Ontario",35,53,mm,total,NA,Lepomis_gibbosus,61,1971-Sep-1,1973-Sep-1,lake,NA,percVolume,percent,Keast,1978,JournalOfTheFisheriersResearchBoardOfCanada,"Keast, A. (1978). Feeding interrelations between age-groups of pumpkinseed (Lepomis gibbosus) and comparisons with bluegill (L. macrochirus). Journal of the Fisheries Board of Canada, 35(1), 12-27.",tbl2,NA,Copepoda,5,na,montly,na,NA,NA,NA,1971,Seps,1,1973,Seps,1,NA,215,NA,-76.328,44.559,Animalia,Maxillopoda,NA,NA,NA,Centrarchiformes,Centrarchidae,Lepomis gibbosus,NA,NA,"Lepomis_gibbosus_35_53_mm_61_1971_Seps_na_1973_Seps_na_lake_Keast_1978_JournalOfTheFisheriersResearchBoardOfCanada_Lake Opinicon, Ontario_na_total_montly_Keast, A. (1978). Feeding interrelations between age-groups of pumpkinseed (Lepomis gibbosus) and comparisons with bluegill (L. macrochirus). Journal of the Fisheries Board of Canada, 35(1), 12-27._NA_NA_NA",NA,1,35,53,NA,NA,NA,NA,NA,44.559,-76.328,"Lake Opinicon, Ontario",NA,NA,NA,NA,NA,Animalia,5,NA,NA,9/1/1971,NA
summer_data_analyze.csv,"Lake Opinicon, Ontario",35,53,mm,total,NA,Lepomis_gibbosus,61,1971-Sep-1,1973-Sep-1,lake,NA,percVolume,percent,Keast,1978,JournalOfTheFisheriersResearchBoardOfCanada,"Keast, A. (1978). Feeding interrelations between age-groups of pumpkinseed (Lepomis gibbosus) and comparisons with bluegill (L. macrochirus). Journal of the Fisheries Board of Canada, 35(1), 12-27.",tbl2,NA,Ostracoda,20,na,montly,na,NA,NA,NA,1971,Seps,1,1973,Seps,1,NA,215,NA,-76.328,44.559,Animalia,Ostracoda,NA,NA,NA,Centrarchiformes,Centrarchidae,Lepomis gibbosus,NA,NA,"Lepomis_gibbosus_35_53_mm_61_1971_Seps_na_1973_Seps_na_lake_Keast_1978_JournalOfTheFisheriersResearchBoardOfCanada_Lake Opinicon, Ontario_na_total_montly_Keast, A. (1978). Feeding interrelations between age-groups of pumpkinseed (Lepomis gibbosus) and comparisons with bluegill (L. macrochirus). Journal of the Fisheries Board of Canada, 35(1), 12-27._NA_NA_NA",NA,1,35,53,NA,NA,NA,NA,NA,44.559,-76.328,"Lake Opinicon, Ontario",NA,NA,NA,NA,NA,Animalia,20,NA,NA,9/1/1971,NA
summer_data_analyze.csv,"Lake Opinicon, Ontario",35,53,mm,total,NA,Lepomis_gibbosus,61,1971-Sep-1,1973-Sep-1,lake,NA,percVolume,percent,Keast,1978,JournalOfTheFisheriersResearchBoardOfCanada,"Keast, A. (1978). Feeding interrelations between age-groups of pumpkinseed (Lepomis gibbosus) and comparisons with bluegill (L. macrochirus). Journal of the Fisheries Board of Canada, 35(1), 12-27.",tbl2,NA,Amphipoda,1,na,montly,na,NA,NA,NA,1971,Seps,1,1973,Seps,1,NA,215,NA,-76.328,44.559,Animalia,Malacostraca,NA,NA,NA,Centrarchiformes,Centrarchidae,Lepomis gibbosus,NA,NA,"Lepomis_gibbosus_35_53_mm_61_1971_Seps_na_1973_Seps_na_lake_Keast_1978_JournalOfTheFisheriersResearchBoardOfCanada_Lake Opinicon, Ontario_na_total_montly_Keast, A. (1978). Feeding interrelations between age-groups of pumpkinseed (Lepomis gibbosus) and comparisons with bluegill (L. macrochirus). Journal of the Fisheries Board of Canada, 35(1), 12-27._NA_NA_NA",NA,1,35,53,NA,NA,NA,NA,NA,44.559,-76.328,"Lake Opinicon, Ontario",NA,NA,NA,NA,NA,Animalia,1,NA,NA,9/1/1971,NA
summer_data_analyze.csv,"Lake Opinicon, Ontario",35,53,mm,total,NA,Lepomis_gibbosus,61,1971-Sep-1,1973-Sep-1,lake,NA,percVolume,percent,Keast,1978,JournalOfTheFisheriersResearchBoardOfCanada,"Keast, A. (1978). Feeding interrelations between age-groups of pumpkinseed (Lepomis gibbosus) and comparisons with bluegill (L. macrochirus). Journal of the Fisheries Board of Canada, 35(1), 12-27.",tbl2,NA,Isopoda,16,na,montly,na,NA,NA,NA,1971,Seps,1,1973,Seps,1,NA,215,NA,-76.328,44.559,Animalia,Malacostraca,NA,NA,NA,Centrarchiformes,Centrarchidae,Lepomis gibbosus,NA,NA,"Lepomis_gibbosus_35_53_mm_61_1971_Seps_na_1973_Seps_na_lake_Keast_1978_JournalOfTheFisheriersResearchBoardOfCanada_Lake Opinicon, Ontario_na_total_montly_Keast, A. (1978). Feeding interrelations between age-groups of pumpkinseed (Lepomis gibbosus) and comparisons with bluegill (L. macrochirus). Journal of the Fisheries Board of Canada, 35(1), 12-27._NA_NA_NA",NA,1,35,53,NA,NA,NA,NA,NA,44.559,-76.328,"Lake Opinicon, Ontario",NA,NA,NA,NA,NA,Animalia,16,NA,NA,9/1/1971,NA
summer_data_analyze.csv,"Lake Opinicon, Ontario",35,53,mm,total,NA,Lepomis_gibbosus,61,1971-Sep-1,1973-Sep-1,lake,NA,percVolume,percent,Keast,1978,JournalOfTheFisheriersResearchBoardOfCanada,"Keast, A. (1978). Feeding interrelations between age-groups of pumpkinseed (Lepomis gibbosus) and comparisons with bluegill (L. macrochirus). Journal of the Fisheries Board of Canada, 35(1), 12-27.",tbl2,NA,Ephemeroptera,1,nymph,montly,na,NA,NA,NA,1971,Seps,1,1973,Seps,1,NA,215,NA,-76.328,44.559,Animalia,Insecta,NA,NA,NA,Centrarchiformes,Centrarchidae,Lepomis gibbosus,NA,NA,"Lepomis_gibbosus_35_53_mm_61_1971_Seps_na_1973_Seps_na_lake_Keast_1978_JournalOfTheFisheriersResearchBoardOfCanada_Lake Opinicon, Ontario_na_total_montly_Keast, A. (1978). Feeding interrelations between age-groups of pumpkinseed (Lepomis gibbosus) and comparisons with bluegill (L. macrochirus). Journal of the Fisheries Board of Canada, 35(1), 12-27._NA_NA_NA",NA,1,35,53,NA,NA,NA,NA,NA,44.559,-76.328,"Lake Opinicon, Ontario",NA,NA,NA,NA,NA,Animalia,1,NA,NA,9/1/1971,NA
summer_data_analyze.csv,"Lake Opinicon, Ontario",35,53,mm,total,NA,Lepomis_gibbosus,61,1971-Sep-1,1973-Sep-1,lake,NA,percVolume,percent,Keast,1978,JournalOfTheFisheriersResearchBoardOfCanada,"Keast, A. (1978). Feeding interrelations between age-groups of pumpkinseed (Lepomis gibbosus) and comparisons with bluegill (L. macrochirus). Journal of the Fisheries Board of Canada, 35(1), 12-27.",tbl2,NA,Anisoptera,4,nymph,montly,na,NA,NA,NA,1971,Seps,1,1973,Seps,1,NA,215,NA,-76.328,44.559,Animalia,Insecta,NA,NA,NA,Centrarchiformes,Centrarchidae,Lepomis gibbosus,NA,NA,"Lepomis_gibbosus_35_53_mm_61_1971_Seps_na_1973_Seps_na_lake_Keast_1978_JournalOfTheFisheriersResearchBoardOfCanada_Lake Opinicon, Ontario_na_total_montly_Keast, A. (1978). Feeding interrelations between age-groups of pumpkinseed (Lepomis gibbosus) and comparisons with bluegill (L. macrochirus). Journal of the Fisheries Board of Canada, 35(1), 12-27._NA_NA_NA",NA,1,35,53,NA,NA,NA,NA,NA,44.559,-76.328,"Lake Opinicon, Ontario",NA,NA,NA,NA,NA,Animalia,4,NA,NA,9/1/1971,NA
summer_data_analyze.csv,"Lake Opinicon, Ontario",35,53,mm,total,NA,Lepomis_gibbosus,61,1971-Sep-1,1973-Sep-1,lake,NA,percVolume,percent,Keast,1978,JournalOfTheFisheriersResearchBoardOfCanada,"Keast, A. (1978). Feeding interrelations between age-groups of pumpkinseed (Lepomis gibbosus) and comparisons with bluegill (L. macrochirus). Journal of the Fisheries Board of Canada, 35(1), 12-27.",tbl2,NA,Chironomid,32,larvae,montly,na,NA,NA,NA,1971,Seps,1,1973,Seps,1,NA,215,NA,-76.328,44.559,Animalia,Insecta,Diptera,Chironomidae,NA,Centrarchiformes,Centrarchidae,Lepomis gibbosus,NA,NA,"Lepomis_gibbosus_35_53_mm_61_1971_Seps_na_1973_Seps_na_lake_Keast_1978_JournalOfTheFisheriersResearchBoardOfCanada_Lake Opinicon, Ontario_na_total_montly_Keast, A. (1978). Feeding interrelations between age-groups of pumpkinseed (Lepomis gibbosus) and comparisons with bluegill (L. macrochirus). Journal of the Fisheries Board of Canada, 35(1), 12-27._NA_NA_NA",NA,1,35,53,NA,NA,NA,NA,NA,44.559,-76.328,"Lake Opinicon, Ontario",NA,Chironomidae,NA,NA,NA,Animalia,32,NA,NA,9/1/1971,NA
summer_data_analyze.csv,"Lake Opinicon, Ontario",35,53,mm,total,NA,Lepomis_gibbosus,61,1971-Sep-1,1973-Sep-1,lake,NA,percVolume,percent,Keast,1978,JournalOfTheFisheriersResearchBoardOfCanada,"Keast, A. (1978). Feeding interrelations between age-groups of pumpkinseed (Lepomis gibbosus) and comparisons with bluegill (L. macrochirus). Journal of the Fisheries Board of Canada, 35(1), 12-27.",tbl2,NA,Chironomid,5,pupae,montly,na,NA,NA,NA,1971,Seps,1,1973,Seps,1,NA,215,NA,-76.328,44.559,Animalia,Insecta,Diptera,Chironomidae,NA,Centrarchiformes,Centrarchidae,Lepomis gibbosus,NA,NA,"Lepomis_gibbosus_35_53_mm_61_1971_Seps_na_1973_Seps_na_lake_Keast_1978_JournalOfTheFisheriersResearchBoardOfCanada_Lake Opinicon, Ontario_na_total_montly_Keast, A. (1978). Feeding interrelations between age-groups of pumpkinseed (Lepomis gibbosus) and comparisons with bluegill (L. macrochirus). Journal of the Fisheries Board of Canada, 35(1), 12-27._NA_NA_NA",NA,1,35,53,NA,NA,NA,NA,NA,44.559,-76.328,"Lake Opinicon, Ontario",NA,Chironomidae,NA,NA,NA,Animalia,5,NA,NA,9/1/1971,NA
summer_data_analyze.csv,"Lake Opinicon, Ontario",35,53,mm,total,NA,Lepomis_gibbosus,61,1971-Sep-1,1973-Sep-1,lake,NA,percVolume,percent,Keast,1978,JournalOfTheFisheriersResearchBoardOfCanada,"Keast, A. (1978). Feeding interrelations between age-groups of pumpkinseed (Lepomis gibbosus) and comparisons with bluegill (L. macrochirus). Journal of the Fisheries Board of Canada, 35(1), 12-27.",tbl2,NA,Others,8,na,montly,na,NA,NA,NA,1971,Seps,1,1973,Seps,1,NA,215,NA,-76.328,44.559,Metazoa,Clitellata,NA,NA,NA,Centrarchiformes,Centrarchidae,Lepomis gibbosus,NA,NA,"Lepomis_gibbosus_35_53_mm_61_1971_Seps_na_1973_Seps_na_lake_Keast_1978_JournalOfTheFisheriersResearchBoardOfCanada_Lake Opinicon, Ontario_na_total_montly_Keast, A. (1978). Feeding interrelations between age-groups of pumpkinseed (Lepomis gibbosus) and comparisons with bluegill (L. macrochirus). Journal of the Fisheries Board of Canada, 35(1), 12-27._NA_NA_NA",NA,1,35,53,NA,NA,NA,NA,NA,44.559,-76.328,"Lake Opinicon, Ontario",NA,NA,Other,NA,NA,Metazoa,8,NA,NA,9/1/1971,NA
summer_data_analyze.csv,"Lake Opinicon, Ontario",35,53,mm,total,NA,Lepomis_gibbosus,64,1971-Oct-1,1973-Oct-1,lake,NA,number,na,Keast,1978,JournalOfTheFisheriersResearchBoardOfCanada,"Keast, A. (1978). Feeding interrelations between age-groups of pumpkinseed (Lepomis gibbosus) and comparisons with bluegill (L. macrochirus). Journal of the Fisheries Board of Canada, 35(1), 12-27.",tbl2,NA,Cladocera,67,na,montly,na,NA,NA,NA,1971,Octs,1,1973,Octs,1,NA,216,NA,-76.328,44.559,Animalia,Branchiopoda,NA,NA,NA,Centrarchiformes,Centrarchidae,Lepomis gibbosus,NA,NA,"Lepomis_gibbosus_35_53_mm_64_1971_Octs_na_1973_Octs_na_lake_Keast_1978_JournalOfTheFisheriersResearchBoardOfCanada_Lake Opinicon, Ontario_na_total_montly_Keast, A. (1978). Feeding interrelations between age-groups of pumpkinseed (Lepomis gibbosus) and comparisons with bluegill (L. macrochirus). Journal of the Fisheries Board of Canada, 35(1), 12-27._NA_NA_NA",NA,1,35,53,NA,NA,NA,NA,NA,44.559,-76.328,"Lake Opinicon, Ontario",NA,NA,NA,NA,NA,Animalia,67,NA,NA,10/1/1971,NA
summer_data_analyze.csv,"Lake Opinicon, Ontario",35,53,mm,total,NA,Lepomis_gibbosus,64,1971-Oct-1,1973-Oct-1,lake,NA,number,na,Keast,1978,JournalOfTheFisheriersResearchBoardOfCanada,"Keast, A. (1978). Feeding interrelations between age-groups of pumpkinseed (Lepomis gibbosus) and comparisons with bluegill (L. macrochirus). Journal of the Fisheries Board of Canada, 35(1), 12-27.",tbl2,NA,Copepoda,18,na,montly,na,NA,NA,NA,1971,Octs,1,1973,Octs,1,NA,216,NA,-76.328,44.559,Animalia,Maxillopoda,NA,NA,NA,Centrarchiformes,Centrarchidae,Lepomis gibbosus,NA,NA,"Lepomis_gibbosus_35_53_mm_64_1971_Octs_na_1973_Octs_na_lake_Keast_1978_JournalOfTheFisheriersResearchBoardOfCanada_Lake Opinicon, Ontario_na_total_montly_Keast, A. (1978). Feeding interrelations between age-groups of pumpkinseed (Lepomis gibbosus) and comparisons with bluegill (L. macrochirus). Journal of the Fisheries Board of Canada, 35(1), 12-27._NA_NA_NA",NA,1,35,53,NA,NA,NA,NA,NA,44.559,-76.328,"Lake Opinicon, Ontario",NA,NA,NA,NA,NA,Animalia,18,NA,NA,10/1/1971,NA
summer_data_analyze.csv,"Lake Opinicon, Ontario",35,53,mm,total,NA,Lepomis_gibbosus,64,1971-Oct-1,1973-Oct-1,lake,NA,number,na,Keast,1978,JournalOfTheFisheriersResearchBoardOfCanada,"Keast, A. (1978). Feeding interrelations between age-groups of pumpkinseed (Lepomis gibbosus) and comparisons with bluegill (L. macrochirus). Journal of the Fisheries Board of Canada, 35(1), 12-27.",tbl2,NA,Ostracoda,8,na,montly,na,NA,NA,NA,1971,Octs,1,1973,Octs,1,NA,216,NA,-76.328,44.559,Animalia,Ostracoda,NA,NA,NA,Centrarchiformes,Centrarchidae,Lepomis gibbosus,NA,NA,"Lepomis_gibbosus_35_53_mm_64_1971_Octs_na_1973_Octs_na_lake_Keast_1978_JournalOfTheFisheriersResearchBoardOfCanada_Lake Opinicon, Ontario_na_total_montly_Keast, A. (1978). Feeding interrelations between age-groups of pumpkinseed (Lepomis gibbosus) and comparisons with bluegill (L. macrochirus). Journal of the Fisheries Board of Canada, 35(1), 12-27._NA_NA_NA",NA,1,35,53,NA,NA,NA,NA,NA,44.559,-76.328,"Lake Opinicon, Ontario",NA,NA,NA,NA,NA,Animalia,8,NA,NA,10/1/1971,NA
summer_data_analyze.csv,"Lake Opinicon, Ontario",35,53,mm,total,NA,Lepomis_gibbosus,64,1971-Oct-1,1973-Oct-1,lake,NA,number,na,Keast,1978,JournalOfTheFisheriersResearchBoardOfCanada,"Keast, A. (1978). Feeding interrelations between age-groups of pumpkinseed (Lepomis gibbosus) and comparisons with bluegill (L. macrochirus). Journal of the Fisheries Board of Canada, 35(1), 12-27.",tbl2,NA,Amphipoda,8,na,montly,na,NA,NA,NA,1971,Octs,1,1973,Octs,1,NA,216,NA,-76.328,44.559,Animalia,Malacostraca,NA,NA,NA,Centrarchiformes,Centrarchidae,Lepomis gibbosus,NA,NA,"Lepomis_gibbosus_35_53_mm_64_1971_Octs_na_1973_Octs_na_lake_Keast_1978_JournalOfTheFisheriersResearchBoardOfCanada_Lake Opinicon, Ontario_na_total_montly_Keast, A. (1978). Feeding interrelations between age-groups of pumpkinseed (Lepomis gibbosus) and comparisons with bluegill (L. macrochirus). Journal of the Fisheries Board of Canada, 35(1), 12-27._NA_NA_NA",NA,1,35,53,NA,NA,NA,NA,NA,44.559,-76.328,"Lake Opinicon, Ontario",NA,NA,NA,NA,NA,Animalia,8,NA,NA,10/1/1971,NA
summer_data_analyze.csv,"Lake Opinicon, Ontario",35,53,mm,total,NA,Lepomis_gibbosus,64,1971-Oct-1,1973-Oct-1,lake,NA,number,na,Keast,1978,JournalOfTheFisheriersResearchBoardOfCanada,"Keast, A. (1978). Feeding interrelations between age-groups of pumpkinseed (Lepomis gibbosus) and comparisons with bluegill (L. macrochirus). Journal of the Fisheries Board of Canada, 35(1), 12-27.",tbl2,NA,Ephemeroptera,2,nymph,montly,na,NA,NA,NA,1971,Octs,1,1973,Octs,1,NA,216,NA,-76.328,44.559,Animalia,Insecta,NA,NA,NA,Centrarchiformes,Centrarchidae,Lepomis gibbosus,NA,NA,"Lepomis_gibbosus_35_53_mm_64_1971_Octs_na_1973_Octs_na_lake_Keast_1978_JournalOfTheFisheriersResearchBoardOfCanada_Lake Opinicon, Ontario_na_total_montly_Keast, A. (1978). Feeding interrelations between age-groups of pumpkinseed (Lepomis gibbosus) and comparisons with bluegill (L. macrochirus). Journal of the Fisheries Board of Canada, 35(1), 12-27._NA_NA_NA",NA,1,35,53,NA,NA,NA,NA,NA,44.559,-76.328,"Lake Opinicon, Ontario",NA,NA,NA,NA,NA,Animalia,2,NA,NA,10/1/1971,NA
summer_data_analyze.csv,"Lake Opinicon, Ontario",35,53,mm,total,NA,Lepomis_gibbosus,64,1971-Oct-1,1973-Oct-1,lake,NA,number,na,Keast,1978,JournalOfTheFisheriersResearchBoardOfCanada,"Keast, A. (1978). Feeding interrelations between age-groups of pumpkinseed (Lepomis gibbosus) and comparisons with bluegill (L. macrochirus). Journal of the Fisheries Board of Canada, 35(1), 12-27.",tbl2,NA,Chironomid,32,larvae,montly,na,NA,NA,NA,1971,Octs,1,1973,Octs,1,NA,216,NA,-76.328,44.559,Animalia,Insecta,Diptera,Chironomidae,NA,Centrarchiformes,Centrarchidae,Lepomis gibbosus,NA,NA,"Lepomis_gibbosus_35_53_mm_64_1971_Octs_na_1973_Octs_na_lake_Keast_1978_JournalOfTheFisheriersResearchBoardOfCanada_Lake Opinicon, Ontario_na_total_montly_Keast, A. (1978). Feeding interrelations between age-groups of pumpkinseed (Lepomis gibbosus) and comparisons with bluegill (L. macrochirus). Journal of the Fisheries Board of Canada, 35(1), 12-27._NA_NA_NA",NA,1,35,53,NA,NA,NA,NA,NA,44.559,-76.328,"Lake Opinicon, Ontario",NA,Chironomidae,NA,NA,NA,Animalia,32,NA,NA,10/1/1971,NA
summer_data_analyze.csv,"Lake Opinicon, Ontario",35,53,mm,total,NA,Lepomis_gibbosus,64,1971-Oct-1,1973-Oct-1,lake,NA,number,na,Keast,1978,JournalOfTheFisheriersResearchBoardOfCanada,"Keast, A. (1978). Feeding interrelations between age-groups of pumpkinseed (Lepomis gibbosus) and comparisons with bluegill (L. macrochirus). Journal of the Fisheries Board of Canada, 35(1), 12-27.",tbl2,NA,Hydracarina,152,na,montly,na,NA,NA,NA,1971,Octs,1,1973,Octs,1,NA,216,NA,-76.328,44.559,Animalia,Arachnida,NA,NA,NA,Centrarchiformes,Centrarchidae,Lepomis gibbosus,NA,NA,"Lepomis_gibbosus_35_53_mm_64_1971_Octs_na_1973_Octs_na_lake_Keast_1978_JournalOfTheFisheriersResearchBoardOfCanada_Lake Opinicon, Ontario_na_total_montly_Keast, A. (1978). Feeding interrelations between age-groups of pumpkinseed (Lepomis gibbosus) and comparisons with bluegill (L. macrochirus). Journal of the Fisheries Board of Canada, 35(1), 12-27._NA_NA_NA",NA,1,35,53,NA,NA,NA,NA,NA,44.559,-76.328,"Lake Opinicon, Ontario",NA,NA,NA,NA,NA,Animalia,152,NA,NA,10/1/1971,NA
summer_data_analyze.csv,"Lake Opinicon, Ontario",35,53,mm,total,NA,Lepomis_gibbosus,64,1971-Oct-1,1973-Oct-1,lake,NA,number,na,Keast,1978,JournalOfTheFisheriersResearchBoardOfCanada,"Keast, A. (1978). Feeding interrelations between age-groups of pumpkinseed (Lepomis gibbosus) and comparisons with bluegill (L. macrochirus). Journal of the Fisheries Board of Canada, 35(1), 12-27.",tbl2,NA,Others,7,na,montly,na,NA,NA,NA,1971,Octs,1,1973,Octs,1,NA,216,NA,-76.328,44.559,Metazoa,Clitellata,NA,NA,NA,Centrarchiformes,Centrarchidae,Lepomis gibbosus,NA,NA,"Lepomis_gibbosus_35_53_mm_64_1971_Octs_na_1973_Octs_na_lake_Keast_1978_JournalOfTheFisheriersResearchBoardOfCanada_Lake Opinicon, Ontario_na_total_montly_Keast, A. (1978). Feeding interrelations between age-groups of pumpkinseed (Lepomis gibbosus) and comparisons with bluegill (L. macrochirus). Journal of the Fisheries Board of Canada, 35(1), 12-27._NA_NA_NA",NA,1,35,53,NA,NA,NA,NA,NA,44.559,-76.328,"Lake Opinicon, Ontario",NA,NA,Other,NA,NA,Metazoa,7,NA,NA,10/1/1971,NA
summer_data_analyze.csv,"Lake Opinicon, Ontario",35,53,mm,total,NA,Lepomis_gibbosus,64,1971-Oct-1,1973-Oct-1,lake,NA,percVolume,percent,Keast,1978,JournalOfTheFisheriersResearchBoardOfCanada,"Keast, A. (1978). Feeding interrelations between age-groups of pumpkinseed (Lepomis gibbosus) and comparisons with bluegill (L. macrochirus). Journal of the Fisheries Board of Canada, 35(1), 12-27.",tbl2,NA,Cladocera,30,na,montly,na,NA,NA,NA,1971,Octs,1,1973,Octs,1,NA,216,NA,-76.328,44.559,Animalia,Branchiopoda,NA,NA,NA,Centrarchiformes,Centrarchidae,Lepomis gibbosus,NA,NA,"Lepomis_gibbosus_35_53_mm_64_1971_Octs_na_1973_Octs_na_lake_Keast_1978_JournalOfTheFisheriersResearchBoardOfCanada_Lake Opinicon, Ontario_na_total_montly_Keast, A. (1978). Feeding interrelations between age-groups of pumpkinseed (Lepomis gibbosus) and comparisons with bluegill (L. macrochirus). Journal of the Fisheries Board of Canada, 35(1), 12-27._NA_NA_NA",NA,1,35,53,NA,NA,NA,NA,NA,44.559,-76.328,"Lake Opinicon, Ontario",NA,NA,NA,NA,NA,Animalia,30,NA,NA,10/1/1971,NA
summer_data_analyze.csv,"Lake Opinicon, Ontario",35,53,mm,total,NA,Lepomis_gibbosus,64,1971-Oct-1,1973-Oct-1,lake,NA,percVolume,percent,Keast,1978,JournalOfTheFisheriersResearchBoardOfCanada,"Keast, A. (1978). Feeding interrelations between age-groups of pumpkinseed (Lepomis gibbosus) and comparisons with bluegill (L. macrochirus). Journal of the Fisheries Board of Canada, 35(1), 12-27.",tbl2,NA,Copepoda,10,na,montly,na,NA,NA,NA,1971,Octs,1,1973,Octs,1,NA,216,NA,-76.328,44.559,Animalia,Maxillopoda,NA,NA,NA,Centrarchiformes,Centrarchidae,Lepomis gibbosus,NA,NA,"Lepomis_gibbosus_35_53_mm_64_1971_Octs_na_1973_Octs_na_lake_Keast_1978_JournalOfTheFisheriersResearchBoardOfCanada_Lake Opinicon, Ontario_na_total_montly_Keast, A. (1978). Feeding interrelations between age-groups of pumpkinseed (Lepomis gibbosus) and comparisons with bluegill (L. macrochirus). Journal of the Fisheries Board of Canada, 35(1), 12-27._NA_NA_NA",NA,1,35,53,NA,NA,NA,NA,NA,44.559,-76.328,"Lake Opinicon, Ontario",NA,NA,NA,NA,NA,Animalia,10,NA,NA,10/1/1971,NA
summer_data_analyze.csv,"Lake Opinicon, Ontario",35,53,mm,total,NA,Lepomis_gibbosus,64,1971-Oct-1,1973-Oct-1,lake,NA,percVolume,percent,Keast,1978,JournalOfTheFisheriersResearchBoardOfCanada,"Keast, A. (1978). Feeding interrelations between age-groups of pumpkinseed (Lepomis gibbosus) and comparisons with bluegill (L. macrochirus). Journal of the Fisheries Board of Canada, 35(1), 12-27.",tbl2,NA,Ostracoda,1,na,montly,na,NA,NA,NA,1971,Octs,1,1973,Octs,1,NA,216,NA,-76.328,44.559,Animalia,Ostracoda,NA,NA,NA,Centrarchiformes,Centrarchidae,Lepomis gibbosus,NA,NA,"Lepomis_gibbosus_35_53_mm_64_1971_Octs_na_1973_Octs_na_lake_Keast_1978_JournalOfTheFisheriersResearchBoardOfCanada_Lake Opinicon, Ontario_na_total_montly_Keast, A. (1978). Feeding interrelations between age-groups of pumpkinseed (Lepomis gibbosus) and comparisons with bluegill (L. macrochirus). Journal of the Fisheries Board of Canada, 35(1), 12-27._NA_NA_NA",NA,1,35,53,NA,NA,NA,NA,NA,44.559,-76.328,"Lake Opinicon, Ontario",NA,NA,NA,NA,NA,Animalia,1,NA,NA,10/1/1971,NA
summer_data_analyze.csv,"Lake Opinicon, Ontario",35,53,mm,total,NA,Lepomis_gibbosus,64,1971-Oct-1,1973-Oct-1,lake,NA,percVolume,percent,Keast,1978,JournalOfTheFisheriersResearchBoardOfCanada,"Keast, A. (1978). Feeding interrelations between age-groups of pumpkinseed (Lepomis gibbosus) and comparisons with bluegill (L. macrochirus). Journal of the Fisheries Board of Canada, 35(1), 12-27.",tbl2,NA,Amphipoda,4,na,montly,na,NA,NA,NA,1971,Octs,1,1973,Octs,1,NA,216,NA,-76.328,44.559,Animalia,Malacostraca,NA,NA,NA,Centrarchiformes,Centrarchidae,Lepomis gibbosus,NA,NA,"Lepomis_gibbosus_35_53_mm_64_1971_Octs_na_1973_Octs_na_lake_Keast_1978_JournalOfTheFisheriersResearchBoardOfCanada_Lake Opinicon, Ontario_na_total_montly_Keast, A. (1978). Feeding interrelations between age-groups of pumpkinseed (Lepomis gibbosus) and comparisons with bluegill (L. macrochirus). Journal of the Fisheries Board of Canada, 35(1), 12-27._NA_NA_NA",NA,1,35,53,NA,NA,NA,NA,NA,44.559,-76.328,"Lake Opinicon, Ontario",NA,NA,NA,NA,NA,Animalia,4,NA,NA,10/1/1971,NA
summer_data_analyze.csv,"Lake Opinicon, Ontario",35,53,mm,total,NA,Lepomis_gibbosus,64,1971-Oct-1,1973-Oct-1,lake,NA,percVolume,percent,Keast,1978,JournalOfTheFisheriersResearchBoardOfCanada,"Keast, A. (1978). Feeding interrelations between age-groups of pumpkinseed (Lepomis gibbosus) and comparisons with bluegill (L. macrochirus). Journal of the Fisheries Board of Canada, 35(1), 12-27.",tbl2,NA,Ephemeroptera,13,nymph,montly,na,NA,NA,NA,1971,Octs,1,1973,Octs,1,NA,216,NA,-76.328,44.559,Animalia,Insecta,NA,NA,NA,Centrarchiformes,Centrarchidae,Lepomis gibbosus,NA,NA,"Lepomis_gibbosus_35_53_mm_64_1971_Octs_na_1973_Octs_na_lake_Keast_1978_JournalOfTheFisheriersResearchBoardOfCanada_Lake Opinicon, Ontario_na_total_montly_Keast, A. (1978). Feeding interrelations between age-groups of pumpkinseed (Lepomis gibbosus) and comparisons with bluegill (L. macrochirus). Journal of the Fisheries Board of Canada, 35(1), 12-27._NA_NA_NA",NA,1,35,53,NA,NA,NA,NA,NA,44.559,-76.328,"Lake Opinicon, Ontario",NA,NA,NA,NA,NA,Animalia,13,NA,NA,10/1/1971,NA
summer_data_analyze.csv,"Lake Opinicon, Ontario",35,53,mm,total,NA,Lepomis_gibbosus,64,1971-Oct-1,1973-Oct-1,lake,NA,percVolume,percent,Keast,1978,JournalOfTheFisheriersResearchBoardOfCanada,"Keast, A. (1978). Feeding interrelations between age-groups of pumpkinseed (Lepomis gibbosus) and comparisons with bluegill (L. macrochirus). Journal of the Fisheries Board of Canada, 35(1), 12-27.",tbl2,NA,Chironomid,34,larvae,montly,na,NA,NA,NA,1971,Octs,1,1973,Octs,1,NA,216,NA,-76.328,44.559,Animalia,Insecta,Diptera,Chironomidae,NA,Centrarchiformes,Centrarchidae,Lepomis gibbosus,NA,NA,"Lepomis_gibbosus_35_53_mm_64_1971_Octs_na_1973_Octs_na_lake_Keast_1978_JournalOfTheFisheriersResearchBoardOfCanada_Lake Opinicon, Ontario_na_total_montly_Keast, A. (1978). Feeding interrelations between age-groups of pumpkinseed (Lepomis gibbosus) and comparisons with bluegill (L. macrochirus). Journal of the Fisheries Board of Canada, 35(1), 12-27._NA_NA_NA",NA,1,35,53,NA,NA,NA,NA,NA,44.559,-76.328,"Lake Opinicon, Ontario",NA,Chironomidae,NA,NA,NA,Animalia,34,NA,NA,10/1/1971,NA
summer_data_analyze.csv,"Lake Opinicon, Ontario",35,53,mm,total,NA,Lepomis_gibbosus,64,1971-Oct-1,1973-Oct-1,lake,NA,percVolume,percent,Keast,1978,JournalOfTheFisheriersResearchBoardOfCanada,"Keast, A. (1978). Feeding interrelations between age-groups of pumpkinseed (Lepomis gibbosus) and comparisons with bluegill (L. macrochirus). Journal of the Fisheries Board of Canada, 35(1), 12-27.",tbl2,NA,Hydracarina,4,na,montly,na,NA,NA,NA,1971,Octs,1,1973,Octs,1,NA,216,NA,-76.328,44.559,Animalia,Arachnida,NA,NA,NA,Centrarchiformes,Centrarchidae,Lepomis gibbosus,NA,NA,"Lepomis_gibbosus_35_53_mm_64_1971_Octs_na_1973_Octs_na_lake_Keast_1978_JournalOfTheFisheriersResearchBoardOfCanada_Lake Opinicon, Ontario_na_total_montly_Keast, A. (1978). Feeding interrelations between age-groups of pumpkinseed (Lepomis gibbosus) and comparisons with bluegill (L. macrochirus). Journal of the Fisheries Board of Canada, 35(1), 12-27._NA_NA_NA",NA,1,35,53,NA,NA,NA,NA,NA,44.559,-76.328,"Lake Opinicon, Ontario",NA,NA,NA,NA,NA,Animalia,4,NA,NA,10/1/1971,NA
summer_data_analyze.csv,"Lake Opinicon, Ontario",35,53,mm,total,NA,Lepomis_gibbosus,64,1971-Oct-1,1973-Oct-1,lake,NA,percVolume,percent,Keast,1978,JournalOfTheFisheriersResearchBoardOfCanada,"Keast, A. (1978). Feeding interrelations between age-groups of pumpkinseed (Lepomis gibbosus) and comparisons with bluegill (L. macrochirus). Journal of the Fisheries Board of Canada, 35(1), 12-27.",tbl2,NA,Others,4,na,montly,na,NA,NA,NA,1971,Octs,1,1973,Octs,1,NA,216,NA,-76.328,44.559,Metazoa,Clitellata,NA,NA,NA,Centrarchiformes,Centrarchidae,Lepomis gibbosus,NA,NA,"Lepomis_gibbosus_35_53_mm_64_1971_Octs_na_1973_Octs_na_lake_Keast_1978_JournalOfTheFisheriersResearchBoardOfCanada_Lake Opinicon, Ontario_na_total_montly_Keast, A. (1978). Feeding interrelations between age-groups of pumpkinseed (Lepomis gibbosus) and comparisons with bluegill (L. macrochirus). Journal of the Fisheries Board of Canada, 35(1), 12-27._NA_NA_NA",NA,1,35,53,NA,NA,NA,NA,NA,44.559,-76.328,"Lake Opinicon, Ontario",NA,NA,Other,NA,NA,Metazoa,4,NA,NA,10/1/1971,NA
NA,"Niger Delta, Nigeria",NA,NA,NA,NA,NA,Clarius aghoyiensis,NA,NA,NA,lentic/lotic,NA,number,total,Elakhame,2006,Tropical Freshwater Biology,"Elakhame, L. A. (2006). The distribution, feeding and reproduction of Clarioid species in Epie creek floodplain of the Niger delta, Nigeria. Tropical Freshwater Biology, 15(1), 83-94.",tbl2,length data not given. Fish were collected from a mix of lentic floodplaing habitat and lotic flowing streams and pooled,copepoda,309,unknown,NA,NA,NA,NA,NA,NA,NA,NA,NA,NA,NA,NA,NA,averaged over date and size and multiple habitat types,5.8987139,4.8677767,Metazoa,Hexanauplia,NA,NA,NA,Siluriformes,Clariidae,Clarius aghoyiensis,1/27/2020,NA,NA,NA,NA,NA,NA,NA,NA,NA,1,NA,NA,NA,NA,NA,NA,NA,NA,NA,Metazoa,309,NA,NA,NA,NA
NA,"Niger Delta, Nigeria",NA,NA,NA,NA,NA,Clarius aghoyiensis,NA,NA,NA,lentic/lotic,NA,number,percent,Elakhame,2006,Tropical Freshwater Biology,"Elakhame, L. A. (2006). The distribution, feeding and reproduction of Clarioid species in Epie creek floodplain of the Niger delta, Nigeria. Tropical Freshwater Biology, 15(1), 83-94.",tbl2,length data not given. Fish were collected from a mix of lentic floodplaing habitat and lotic flowing streams and pooled,copepoda,12.6,unknown,NA,NA,NA,NA,NA,NA,NA,NA,NA,NA,NA,NA,NA,averaged over date and size and multiple habitat types,5.8987139,4.8677767,Metazoa,Hexanauplia,NA,NA,NA,Siluriformes,Clariidae,Clarius aghoyiensis,1/27/2020,NA,NA,NA,NA,NA,NA,NA,NA,NA,2,NA,NA,NA,NA,NA,NA,NA,NA,NA,Metazoa,12.6,NA,NA,NA,NA
NA,"Niger Delta, Nigeria",NA,NA,NA,NA,NA,Clarius aghoyiensis,NA,NA,NA,lentic/lotic,NA,number,total,Elakhame,2006,Tropical Freshwater Biology,"Elakhame, L. A. (2006). The distribution, feeding and reproduction of Clarioid species in Epie creek floodplain of the Niger delta, Nigeria. Tropical Freshwater Biology, 15(1), 83-94.",tbl2,length data not given. Fish were collected from a mix of lentic floodplaing habitat and lotic flowing streams and pooled,cladocera,255,unknown,NA,NA,NA,NA,NA,NA,NA,NA,NA,NA,NA,NA,NA,averaged over date and size and multiple habitat types,5.8987139,4.8677767,Metazoa,Branchiopoda,Diplostraca,NA,NA,Siluriformes,Clariidae,Clarius aghoyiensis,1/27/2020,NA,NA,NA,NA,NA,NA,NA,NA,NA,1,NA,NA,NA,NA,NA,NA,NA,NA,NA,Metazoa,255,NA,NA,NA,NA
NA,"Niger Delta, Nigeria",NA,NA,NA,NA,NA,Clarius aghoyiensis,NA,NA,NA,lentic/lotic,NA,number,percent,Elakhame,2006,Tropical Freshwater Biology,"Elakhame, L. A. (2006). The distribution, feeding and reproduction of Clarioid species in Epie creek floodplain of the Niger delta, Nigeria. Tropical Freshwater Biology, 15(1), 83-94.",tbl2,length data not given. Fish were collected from a mix of lentic floodplaing habitat and lotic flowing streams and pooled,cladocera,10.4,unknown,NA,NA,NA,NA,NA,NA,NA,NA,NA,NA,NA,NA,NA,averaged over date and size and multiple habitat types,5.8987139,4.8677767,Metazoa,Branchiopoda,Diplostraca,NA,NA,Siluriformes,Clariidae,Clarius aghoyiensis,1/27/2020,NA,NA,NA,NA,NA,NA,NA,NA,NA,2,NA,NA,NA,NA,NA,NA,NA,NA,NA,Metazoa,10.4,NA,NA,NA,NA
NA,"Niger Delta, Nigeria",NA,NA,NA,NA,NA,Clarius aghoyiensis,NA,NA,NA,lentic/lotic,NA,number,total,Elakhame,2006,Tropical Freshwater Biology,"Elakhame, L. A. (2006). The distribution, feeding and reproduction of Clarioid species in Epie creek floodplain of the Niger delta, Nigeria. Tropical Freshwater Biology, 15(1), 83-94.",tbl2,length data not given. Fish were collected from a mix of lentic floodplaing habitat and lotic flowing streams and pooled,ostracoda,286,unknown,NA,NA,NA,NA,NA,NA,NA,NA,NA,NA,NA,NA,NA,averaged over date and size and multiple habitat types,5.8987139,4.8677767,Metazoa,Ostracoda,NA,NA,NA,Siluriformes,Clariidae,Clarius aghoyiensis,1/27/2020,NA,NA,NA,NA,NA,NA,NA,NA,NA,1,NA,NA,NA,NA,NA,NA,NA,NA,NA,Metazoa,286,NA,NA,NA,NA
NA,"Niger Delta, Nigeria",NA,NA,NA,NA,NA,Clarius aghoyiensis,NA,NA,NA,lentic/lotic,NA,number,percent,Elakhame,2006,Tropical Freshwater Biology,"Elakhame, L. A. (2006). The distribution, feeding and reproduction of Clarioid species in Epie creek floodplain of the Niger delta, Nigeria. Tropical Freshwater Biology, 15(1), 83-94.",tbl2,length data not given. Fish were collected from a mix of lentic floodplaing habitat and lotic flowing streams and pooled,ostracoda,11.7,unknown,NA,NA,NA,NA,NA,NA,NA,NA,NA,NA,NA,NA,NA,averaged over date and size and multiple habitat types,5.8987139,4.8677767,Metazoa,Ostracoda,NA,NA,NA,Siluriformes,Clariidae,Clarius aghoyiensis,1/27/2020,NA,NA,NA,NA,NA,NA,NA,NA,NA,2,NA,NA,NA,NA,NA,NA,NA,NA,NA,Metazoa,11.7,NA,NA,NA,NA
NA,"Niger Delta, Nigeria",NA,NA,NA,NA,NA,Clarius aghoyiensis,NA,NA,NA,lentic/lotic,NA,number,total,Elakhame,2006,Tropical Freshwater Biology,"Elakhame, L. A. (2006). The distribution, feeding and reproduction of Clarioid species in Epie creek floodplain of the Niger delta, Nigeria. Tropical Freshwater Biology, 15(1), 83-94.",tbl2,length data not given. Fish were collected from a mix of lentic floodplaing habitat and lotic flowing streams and pooled,shrimps,312,unknown,NA,NA,NA,NA,NA,NA,NA,NA,NA,NA,NA,NA,NA,averaged over date and size and multiple habitat types,5.8987139,4.8677767,Animalia,Malacostraca,NA,Palaemonidae,NA,Siluriformes,Clariidae,Clarius aghoyiensis,1/27/2020,NA,NA,NA,NA,NA,NA,NA,NA,NA,1,NA,NA,NA,NA,NA,NA,Palaemonetes,NA,NA,Animalia,312,NA,NA,NA,NA
NA,"Niger Delta, Nigeria",NA,NA,NA,NA,NA,Clarius aghoyiensis,NA,NA,NA,lentic/lotic,NA,number,percent,Elakhame,2006,Tropical Freshwater Biology,"Elakhame, L. A. (2006). The distribution, feeding and reproduction of Clarioid species in Epie creek floodplain of the Niger delta, Nigeria. Tropical Freshwater Biology, 15(1), 83-94.",tbl2,length data not given. Fish were collected from a mix of lentic floodplaing habitat and lotic flowing streams and pooled,shrimps,12.8,unknown,NA,NA,NA,NA,NA,NA,NA,NA,NA,NA,NA,NA,NA,averaged over date and size and multiple habitat types,5.8987139,4.8677767,Animalia,Malacostraca,NA,Palaemonidae,NA,Siluriformes,Clariidae,Clarius aghoyiensis,1/27/2020,NA,NA,NA,NA,NA,NA,NA,NA,NA,2,NA,NA,NA,NA,NA,NA,Palaemonetes,NA,NA,Animalia,12.8,NA,NA,NA,NA
NA,"Niger Delta, Nigeria",NA,NA,NA,NA,NA,Clarius aghoyiensis,NA,NA,NA,lentic/lotic,NA,number,total,Elakhame,2006,Tropical Freshwater Biology,"Elakhame, L. A. (2006). The distribution, feeding and reproduction of Clarioid species in Epie creek floodplain of the Niger delta, Nigeria. Tropical Freshwater Biology, 15(1), 83-94.",tbl2,length data not given. Fish were collected from a mix of lentic floodplaing habitat and lotic flowing streams and pooled,ch_ironom_id_larvae,164,larvae,NA,NA,NA,NA,NA,NA,NA,NA,NA,NA,NA,NA,NA,averaged over date and size and multiple habitat types,5.8987139,4.8677767,Animalia,Insecta,NA,Chironomidae,NA,Siluriformes,Clariidae,Clarius aghoyiensis,1/27/2020,NA,NA,NA,NA,NA,NA,NA,NA,NA,1,NA,NA,NA,NA,NA,NA,Chironomus,NA,NA,Animalia,164,NA,NA,NA,NA
NA,"Niger Delta, Nigeria",NA,NA,NA,NA,NA,Clarius aghoyiensis,NA,NA,NA,lentic/lotic,NA,number,percent,Elakhame,2006,Tropical Freshwater Biology,"Elakhame, L. A. (2006). The distribution, feeding and reproduction of Clarioid species in Epie creek floodplain of the Niger delta, Nigeria. Tropical Freshwater Biology, 15(1), 83-94.",tbl2,length data not given. Fish were collected from a mix of lentic floodplaing habitat and lotic flowing streams and pooled,ch_ironom_id_larvae,6.7,larvae,NA,NA,NA,NA,NA,NA,NA,NA,NA,NA,NA,NA,NA,averaged over date and size and multiple habitat types,5.8987139,4.8677767,Animalia,Insecta,NA,Chironomidae,NA,Siluriformes,Clariidae,Clarius aghoyiensis,1/27/2020,NA,NA,NA,NA,NA,NA,NA,NA,NA,2,NA,NA,NA,NA,NA,NA,Chironomus,NA,NA,Animalia,6.7,NA,NA,NA,NA
NA,"Niger Delta, Nigeria",NA,NA,NA,NA,NA,Clarius aghoyiensis,NA,NA,NA,lentic/lotic,NA,number,total,Elakhame,2006,Tropical Freshwater Biology,"Elakhame, L. A. (2006). The distribution, feeding and reproduction of Clarioid species in Epie creek floodplain of the Niger delta, Nigeria. Tropical Freshwater Biology, 15(1), 83-94.",tbl2,length data not given. Fish were collected from a mix of lentic floodplaing habitat and lotic flowing streams and pooled,odonata_nymphs,146,larvae,NA,NA,NA,NA,NA,NA,NA,NA,NA,NA,NA,NA,NA,averaged over date and size and multiple habitat types,5.8987139,4.8677767,Metazoa,Insecta,Odonata,NA,NA,Siluriformes,Clariidae,Clarius aghoyiensis,1/27/2020,NA,NA,NA,NA,NA,NA,NA,NA,NA,1,NA,NA,NA,NA,NA,NA,NA,NA,NA,Metazoa,146,NA,NA,NA,NA
NA,"Niger Delta, Nigeria",NA,NA,NA,NA,NA,Clarius aghoyiensis,NA,NA,NA,lentic/lotic,NA,number,percent,Elakhame,2006,Tropical Freshwater Biology,"Elakhame, L. A. (2006). The distribution, feeding and reproduction of Clarioid species in Epie creek floodplain of the Niger delta, Nigeria. Tropical Freshwater Biology, 15(1), 83-94.",tbl2,length data not given. Fish were collected from a mix of lentic floodplaing habitat and lotic flowing streams and pooled,odonata_nymphs,6,larvae,NA,NA,NA,NA,NA,NA,NA,NA,NA,NA,NA,NA,NA,averaged over date and size and multiple habitat types,5.8987139,4.8677767,Metazoa,Insecta,Odonata,NA,NA,Siluriformes,Clariidae,Clarius aghoyiensis,1/27/2020,NA,NA,NA,NA,NA,NA,NA,NA,NA,2,NA,NA,NA,NA,NA,NA,NA,NA,NA,Metazoa,6,NA,NA,NA,NA
NA,"Niger Delta, Nigeria",NA,NA,NA,NA,NA,Clarius aghoyiensis,NA,NA,NA,lentic/lotic,NA,number,total,Elakhame,2006,Tropical Freshwater Biology,"Elakhame, L. A. (2006). The distribution, feeding and reproduction of Clarioid species in Epie creek floodplain of the Niger delta, Nigeria. Tropical Freshwater Biology, 15(1), 83-94.",tbl2,length data not given. Fish were collected from a mix of lentic floodplaing habitat and lotic flowing streams and pooled,ephemeropteran_nymphs,125,larvae,NA,NA,NA,NA,NA,NA,NA,NA,NA,NA,NA,NA,NA,averaged over date and size and multiple habitat types,5.8987139,4.8677767,Animalia,Insecta,Ephemeroptera,NA,NA,Siluriformes,Clariidae,Clarius aghoyiensis,1/27/2020,NA,NA,NA,NA,NA,NA,NA,NA,NA,1,NA,NA,NA,NA,NA,NA,Ephemeroptera,NA,NA,Animalia,125,NA,NA,NA,NA
NA,"Niger Delta, Nigeria",NA,NA,NA,NA,NA,Clarius aghoyiensis,NA,NA,NA,lentic/lotic,NA,number,percent,Elakhame,2006,Tropical Freshwater Biology,"Elakhame, L. A. (2006). The distribution, feeding and reproduction of Clarioid species in Epie creek floodplain of the Niger delta, Nigeria. Tropical Freshwater Biology, 15(1), 83-94.",tbl2,length data not given. Fish were collected from a mix of lentic floodplaing habitat and lotic flowing streams and pooled,ephemeropteran_nymphs,5.1,larvae,NA,NA,NA,NA,NA,NA,NA,NA,NA,NA,NA,NA,NA,averaged over date and size and multiple habitat types,5.8987139,4.8677767,Animalia,Insecta,Ephemeroptera,NA,NA,Siluriformes,Clariidae,Clarius aghoyiensis,1/27/2020,NA,NA,NA,NA,NA,NA,NA,NA,NA,2,NA,NA,NA,NA,NA,NA,Ephemeroptera,NA,NA,Animalia,5.1,NA,NA,NA,NA
NA,"Niger Delta, Nigeria",NA,NA,NA,NA,NA,Clarius aghoyiensis,NA,NA,NA,lentic/lotic,NA,number,total,Elakhame,2006,Tropical Freshwater Biology,"Elakhame, L. A. (2006). The distribution, feeding and reproduction of Clarioid species in Epie creek floodplain of the Niger delta, Nigeria. Tropical Freshwater Biology, 15(1), 83-94.",tbl2,length data not given. Fish were collected from a mix of lentic floodplaing habitat and lotic flowing streams and pooled,hemiptera,90,unknown,NA,NA,NA,NA,NA,NA,NA,NA,NA,NA,NA,NA,NA,averaged over date and size and multiple habitat types,5.8987139,4.8677767,Metazoa,Insecta,Hemiptera,NA,NA,Siluriformes,Clariidae,Clarius aghoyiensis,1/27/2020,NA,NA,NA,NA,NA,NA,NA,NA,NA,1,NA,NA,NA,NA,NA,NA,NA,NA,NA,Metazoa,90,NA,NA,NA,NA
NA,"Niger Delta, Nigeria",NA,NA,NA,NA,NA,Clarius aghoyiensis,NA,NA,NA,lentic/lotic,NA,number,percent,Elakhame,2006,Tropical Freshwater Biology,"Elakhame, L. A. (2006). The distribution, feeding and reproduction of Clarioid species in Epie creek floodplain of the Niger delta, Nigeria. Tropical Freshwater Biology, 15(1), 83-94.",tbl2,length data not given. Fish were collected from a mix of lentic floodplaing habitat and lotic flowing streams and pooled,hemiptera,3.7,unknown,NA,NA,NA,NA,NA,NA,NA,NA,NA,NA,NA,NA,NA,averaged over date and size and multiple habitat types,5.8987139,4.8677767,Metazoa,Insecta,Hemiptera,NA,NA,Siluriformes,Clariidae,Clarius aghoyiensis,1/27/2020,NA,NA,NA,NA,NA,NA,NA,NA,NA,2,NA,NA,NA,NA,NA,NA,NA,NA,NA,Metazoa,3.7,NA,NA,NA,NA
NA,"Niger Delta, Nigeria",NA,NA,NA,NA,NA,Clarius aghoyiensis,NA,NA,NA,lentic/lotic,NA,number,total,Elakhame,2006,Tropical Freshwater Biology,"Elakhame, L. A. (2006). The distribution, feeding and reproduction of Clarioid species in Epie creek floodplain of the Niger delta, Nigeria. Tropical Freshwater Biology, 15(1), 83-94.",tbl2,length data not given. Fish were collected from a mix of lentic floodplaing habitat and lotic flowing streams and pooled,hymenoptera,98,unknown,NA,NA,NA,NA,NA,NA,NA,NA,NA,NA,NA,NA,NA,averaged over date and size and multiple habitat types,5.8987139,4.8677767,Metazoa,Insecta,Hymenoptera,NA,NA,Siluriformes,Clariidae,Clarius aghoyiensis,1/27/2020,NA,NA,NA,NA,NA,NA,NA,NA,NA,1,NA,NA,NA,NA,NA,NA,NA,NA,NA,Metazoa,98,NA,NA,NA,NA
NA,"Niger Delta, Nigeria",NA,NA,NA,NA,NA,Clarius aghoyiensis,NA,NA,NA,lentic/lotic,NA,number,percent,Elakhame,2006,Tropical Freshwater Biology,"Elakhame, L. A. (2006). The distribution, feeding and reproduction of Clarioid species in Epie creek floodplain of the Niger delta, Nigeria. Tropical Freshwater Biology, 15(1), 83-94.",tbl2,length data not given. Fish were collected from a mix of lentic floodplaing habitat and lotic flowing streams and pooled,hymenoptera,4,unknown,NA,NA,NA,NA,NA,NA,NA,NA,NA,NA,NA,NA,NA,averaged over date and size and multiple habitat types,5.8987139,4.8677767,Metazoa,Insecta,Hymenoptera,NA,NA,Siluriformes,Clariidae,Clarius aghoyiensis,1/27/2020,NA,NA,NA,NA,NA,NA,NA,NA,NA,2,NA,NA,NA,NA,NA,NA,NA,NA,NA,Metazoa,4,NA,NA,NA,NA
NA,"Niger Delta, Nigeria",NA,NA,NA,NA,NA,Clarius aghoyiensis,NA,NA,NA,lentic/lotic,NA,number,total,Elakhame,2006,Tropical Freshwater Biology,"Elakhame, L. A. (2006). The distribution, feeding and reproduction of Clarioid species in Epie creek floodplain of the Niger delta, Nigeria. Tropical Freshwater Biology, 15(1), 83-94.",tbl2,length data not given. Fish were collected from a mix of lentic floodplaing habitat and lotic flowing streams and pooled,oligocaete_worms,120,unknown,NA,NA,NA,NA,NA,NA,NA,NA,NA,NA,NA,NA,NA,averaged over date and size and multiple habitat types,5.8987139,4.8677767,Animalia,Clitellata,NA,NA,NA,Siluriformes,Clariidae,Clarius aghoyiensis,1/27/2020,NA,NA,NA,NA,NA,NA,NA,NA,NA,1,NA,NA,NA,NA,NA,NA,Oligochaeta,NA,NA,Animalia,120,NA,NA,NA,NA
NA,"Niger Delta, Nigeria",NA,NA,NA,NA,NA,Clarius aghoyiensis,NA,NA,NA,lentic/lotic,NA,number,percent,Elakhame,2006,Tropical Freshwater Biology,"Elakhame, L. A. (2006). The distribution, feeding and reproduction of Clarioid species in Epie creek floodplain of the Niger delta, Nigeria. Tropical Freshwater Biology, 15(1), 83-94.",tbl2,length data not given. Fish were collected from a mix of lentic floodplaing habitat and lotic flowing streams and pooled,oligocaete_worms,4.9,unknown,NA,NA,NA,NA,NA,NA,NA,NA,NA,NA,NA,NA,NA,averaged over date and size and multiple habitat types,5.8987139,4.8677767,Animalia,Clitellata,NA,NA,NA,Siluriformes,Clariidae,Clarius aghoyiensis,1/27/2020,NA,NA,NA,NA,NA,NA,NA,NA,NA,2,NA,NA,NA,NA,NA,NA,Oligochaeta,NA,NA,Animalia,4.9,NA,NA,NA,NA
NA,"Niger Delta, Nigeria",NA,NA,NA,NA,NA,Clarius aghoyiensis,NA,NA,NA,lentic/lotic,NA,number,total,Elakhame,2006,Tropical Freshwater Biology,"Elakhame, L. A. (2006). The distribution, feeding and reproduction of Clarioid species in Epie creek floodplain of the Niger delta, Nigeria. Tropical Freshwater Biology, 15(1), 83-94.",tbl2,length data not given. Fish were collected from a mix of lentic floodplaing habitat and lotic flowing streams and pooled,coleoptera,34,unknown,NA,NA,NA,NA,NA,NA,NA,NA,NA,NA,NA,NA,NA,averaged over date and size and multiple habitat types,5.8987139,4.8677767,Metazoa,Insecta,Coleoptera,NA,NA,Siluriformes,Clariidae,Clarius aghoyiensis,1/27/2020,NA,NA,NA,NA,NA,NA,NA,NA,NA,1,NA,NA,NA,NA,NA,NA,NA,NA,NA,Metazoa,34,NA,NA,NA,NA
NA,"Niger Delta, Nigeria",NA,NA,NA,NA,NA,Clarius aghoyiensis,NA,NA,NA,lentic/lotic,NA,number,percent,Elakhame,2006,Tropical Freshwater Biology,"Elakhame, L. A. (2006). The distribution, feeding and reproduction of Clarioid species in Epie creek floodplain of the Niger delta, Nigeria. Tropical Freshwater Biology, 15(1), 83-94.",tbl2,length data not given. Fish were collected from a mix of lentic floodplaing habitat and lotic flowing streams and pooled,coleoptera,0.4,unknown,NA,NA,NA,NA,NA,NA,NA,NA,NA,NA,NA,NA,NA,averaged over date and size and multiple habitat types,5.8987139,4.8677767,Metazoa,Insecta,Coleoptera,NA,NA,Siluriformes,Clariidae,Clarius aghoyiensis,1/27/2020,NA,NA,NA,NA,NA,NA,NA,NA,NA,2,NA,NA,NA,NA,NA,NA,NA,NA,NA,Metazoa,0.4,NA,NA,NA,NA
NA,"Niger Delta, Nigeria",NA,NA,NA,NA,NA,Clarius aghoyiensis,NA,NA,NA,lentic/lotic,NA,number,total,Elakhame,2006,Tropical Freshwater Biology,"Elakhame, L. A. (2006). The distribution, feeding and reproduction of Clarioid species in Epie creek floodplain of the Niger delta, Nigeria. Tropical Freshwater Biology, 15(1), 83-94.",tbl2,length data not given. Fish were collected from a mix of lentic floodplaing habitat and lotic flowing streams and pooled,insect_remains,132,unknown,NA,NA,NA,NA,NA,NA,NA,NA,NA,NA,NA,NA,NA,averaged over date and size and multiple habitat types,5.8987139,4.8677767,Animalia,Mollicutes,Acholeplasmatales,Acholeplasmataceae,Insect BA phytoplasma,Siluriformes,Clariidae,Clarius aghoyiensis,1/27/2020,NA,NA,NA,NA,NA,NA,NA,NA,NA,1,NA,NA,NA,NA,NA,Insecta,NA,NA,NA,Animalia,132,NA,NA,NA,NA
NA,"Niger Delta, Nigeria",NA,NA,NA,NA,NA,Clarius aghoyiensis,NA,NA,NA,lentic/lotic,NA,number,percent,Elakhame,2006,Tropical Freshwater Biology,"Elakhame, L. A. (2006). The distribution, feeding and reproduction of Clarioid species in Epie creek floodplain of the Niger delta, Nigeria. Tropical Freshwater Biology, 15(1), 83-94.",tbl2,length data not given. Fish were collected from a mix of lentic floodplaing habitat and lotic flowing streams and pooled,insect_remains,5.4,unknown,NA,NA,NA,NA,NA,NA,NA,NA,NA,NA,NA,NA,NA,averaged over date and size and multiple habitat types,5.8987139,4.8677767,Animalia,Mollicutes,Acholeplasmatales,Acholeplasmataceae,Insect BA phytoplasma,Siluriformes,Clariidae,Clarius aghoyiensis,1/27/2020,NA,NA,NA,NA,NA,NA,NA,NA,NA,2,NA,NA,NA,NA,NA,Insecta,NA,NA,NA,Animalia,5.4,NA,NA,NA,NA
NA,"Niger Delta, Nigeria",NA,NA,NA,NA,NA,Clarius aghoyiensis,NA,NA,NA,lentic/lotic,NA,number,total,Elakhame,2006,Tropical Freshwater Biology,"Elakhame, L. A. (2006). The distribution, feeding and reproduction of Clarioid species in Epie creek floodplain of the Niger delta, Nigeria. Tropical Freshwater Biology, 15(1), 83-94.",tbl2,length data not given. Fish were collected from a mix of lentic floodplaing habitat and lotic flowing streams and pooled,tilapia_spp,96,unknown,NA,NA,NA,NA,NA,NA,NA,NA,NA,NA,NA,NA,NA,averaged over date and size and multiple habitat types,5.8987139,4.8677767,Animalia,Actinopterygii,Perciformes,Cichlidae,NA,Siluriformes,Clariidae,Clarius aghoyiensis,1/27/2020,NA,NA,NA,NA,NA,NA,NA,NA,NA,1,NA,NA,NA,NA,NA,NA,Tilapia,NA,NA,Animalia,96,NA,NA,NA,NA
NA,"Niger Delta, Nigeria",NA,NA,NA,NA,NA,Clarius aghoyiensis,NA,NA,NA,lentic/lotic,NA,number,percent,Elakhame,2006,Tropical Freshwater Biology,"Elakhame, L. A. (2006). The distribution, feeding and reproduction of Clarioid species in Epie creek floodplain of the Niger delta, Nigeria. Tropical Freshwater Biology, 15(1), 83-94.",tbl2,length data not given. Fish were collected from a mix of lentic floodplaing habitat and lotic flowing streams and pooled,tilapia_spp,3.9,unknown,NA,NA,NA,NA,NA,NA,NA,NA,NA,NA,NA,NA,NA,averaged over date and size and multiple habitat types,5.8987139,4.8677767,Animalia,Actinopterygii,Perciformes,Cichlidae,NA,Siluriformes,Clariidae,Clarius aghoyiensis,1/27/2020,NA,NA,NA,NA,NA,NA,NA,NA,NA,2,NA,NA,NA,NA,NA,NA,Tilapia,NA,NA,Animalia,3.9,NA,NA,NA,NA
NA,"Niger Delta, Nigeria",NA,NA,NA,NA,NA,Clarius aghoyiensis,NA,NA,NA,lentic/lotic,NA,number,total,Elakhame,2006,Tropical Freshwater Biology,"Elakhame, L. A. (2006). The distribution, feeding and reproduction of Clarioid species in Epie creek floodplain of the Niger delta, Nigeria. Tropical Freshwater Biology, 15(1), 83-94.",tbl2,length data not given. Fish were collected from a mix of lentic floodplaing habitat and lotic flowing streams and pooled,brycinus_spp,77,unknown,NA,NA,NA,NA,NA,NA,NA,NA,NA,NA,NA,NA,NA,averaged over date and size and multiple habitat types,5.8987139,4.8677767,Animalia,Insecta,Coleoptera,Haliplidae,NA,Siluriformes,Clariidae,Clarius aghoyiensis,1/27/2020,NA,NA,NA,NA,NA,NA,NA,NA,NA,1,NA,NA,NA,NA,NA,NA,Brychius,NA,NA,Animalia,77,NA,NA,NA,NA
NA,"Niger Delta, Nigeria",NA,NA,NA,NA,NA,Clarius aghoyiensis,NA,NA,NA,lentic/lotic,NA,number,percent,Elakhame,2006,Tropical Freshwater Biology,"Elakhame, L. A. (2006). The distribution, feeding and reproduction of Clarioid species in Epie creek floodplain of the Niger delta, Nigeria. Tropical Freshwater Biology, 15(1), 83-94.",tbl2,length data not given. Fish were collected from a mix of lentic floodplaing habitat and lotic flowing streams and pooled,brycinus_spp,3.2,unknown,NA,NA,NA,NA,NA,NA,NA,NA,NA,NA,NA,NA,NA,averaged over date and size and multiple habitat types,5.8987139,4.8677767,Animalia,Insecta,Coleoptera,Haliplidae,NA,Siluriformes,Clariidae,Clarius aghoyiensis,1/27/2020,NA,NA,NA,NA,NA,NA,NA,NA,NA,2,NA,NA,NA,NA,NA,NA,Brychius,NA,NA,Animalia,3.2,NA,NA,NA,NA
NA,"Niger Delta, Nigeria",NA,NA,NA,NA,NA,Clarius aghoyiensis,NA,NA,NA,lentic/lotic,NA,number,total,Elakhame,2006,Tropical Freshwater Biology,"Elakhame, L. A. (2006). The distribution, feeding and reproduction of Clarioid species in Epie creek floodplain of the Niger delta, Nigeria. Tropical Freshwater Biology, 15(1), 83-94.",tbl2,length data not given. Fish were collected from a mix of lentic floodplaing habitat and lotic flowing streams and pooled,cyprinodonts,82,unknown,NA,NA,NA,NA,NA,NA,NA,NA,NA,NA,NA,NA,NA,averaged over date and size and multiple habitat types,5.8987139,4.8677767,Animalia,Actinopterygii,Cyprinodontiformes,Cyprinodontidae,NA,Siluriformes,Clariidae,Clarius aghoyiensis,1/27/2020,NA,NA,NA,NA,NA,NA,NA,NA,NA,1,NA,NA,NA,NA,NA,NA,Cyprinodontidae,NA,NA,Animalia,82,NA,NA,NA,NA
NA,"Niger Delta, Nigeria",NA,NA,NA,NA,NA,Clarius aghoyiensis,NA,NA,NA,lentic/lotic,NA,number,percent,Elakhame,2006,Tropical Freshwater Biology,"Elakhame, L. A. (2006). The distribution, feeding and reproduction of Clarioid species in Epie creek floodplain of the Niger delta, Nigeria. Tropical Freshwater Biology, 15(1), 83-94.",tbl2,length data not given. Fish were collected from a mix of lentic floodplaing habitat and lotic flowing streams and pooled,cyprinodonts,3.4,unknown,NA,NA,NA,NA,NA,NA,NA,NA,NA,NA,NA,NA,NA,averaged over date and size and multiple habitat types,5.8987139,4.8677767,Animalia,Actinopterygii,Cyprinodontiformes,Cyprinodontidae,NA,Siluriformes,Clariidae,Clarius aghoyiensis,1/27/2020,NA,NA,NA,NA,NA,NA,NA,NA,NA,2,NA,NA,NA,NA,NA,NA,Cyprinodontidae,NA,NA,Animalia,3.4,NA,NA,NA,NA
NA,"Niger Delta, Nigeria",NA,NA,NA,NA,NA,Clarius aghoyiensis,NA,NA,NA,lentic/lotic,NA,number,total,Elakhame,2006,Tropical Freshwater Biology,"Elakhame, L. A. (2006). The distribution, feeding and reproduction of Clarioid species in Epie creek floodplain of the Niger delta, Nigeria. Tropical Freshwater Biology, 15(1), 83-94.",tbl2,length data not given. Fish were collected from a mix of lentic floodplaing habitat and lotic flowing streams and pooled,fish_remains,118,unknown,NA,NA,NA,NA,NA,NA,NA,NA,NA,NA,NA,NA,NA,averaged over date and size and multiple habitat types,5.8987139,4.8677767,Animalia,Actinopterygii,NA,NA,NA,Siluriformes,Clariidae,Clarius aghoyiensis,1/27/2020,NA,NA,NA,NA,NA,NA,NA,NA,NA,1,NA,NA,NA,NA,NA,Actinopterygii,NA,NA,NA,Animalia,118,NA,NA,NA,NA
NA,"Niger Delta, Nigeria",NA,NA,NA,NA,NA,Clarius aghoyiensis,NA,NA,NA,lentic/lotic,NA,number,percent,Elakhame,2006,Tropical Freshwater Biology,"Elakhame, L. A. (2006). The distribution, feeding and reproduction of Clarioid species in Epie creek floodplain of the Niger delta, Nigeria. Tropical Freshwater Biology, 15(1), 83-94.",tbl2,length data not given. Fish were collected from a mix of lentic floodplaing habitat and lotic flowing streams and pooled,fish_remains,4.8,unknown,NA,NA,NA,NA,NA,NA,NA,NA,NA,NA,NA,NA,NA,averaged over date and size and multiple habitat types,5.8987139,4.8677767,Animalia,Actinopterygii,NA,NA,NA,Siluriformes,Clariidae,Clarius aghoyiensis,1/27/2020,NA,NA,NA,NA,NA,NA,NA,NA,NA,2,NA,NA,NA,NA,NA,Actinopterygii,NA,NA,NA,Animalia,4.8,NA,NA,NA,NA
